#include "lvgl.h"

// Generated by tools/13_lvgl_assets.py — 23 x 48px,
// LV_IMG_CF_ALPHA_4BIT. Tint with lv_obj_set_style_img_recolor().

static const uint8_t dso_gal_spiral_48_map[] = {
  0x00,0x00,0x00,0x00,0x00,0x00,0x00,0x00,0x00,0x00,0x00,0x00,0x00,0x00,0x00,0x00,0x00,0x00,0x00,0
  x00,0x00,0x00,0x00,0x00,0x00,0x00,0x00,0x00,0x00,0x00,0x00,0x00,0x00,0x00,0x00,0x00,0x00,0x00,0x
  00,0x00,0x00,0x00,0x00,0x00,0x00,0x00,0x00,0x00,0x00,0x00,0x00,0x00,0x00,0x00,0x00,0x00,0x00,0x0
  0,0x00,0x00,0x00,0x00,0x00,0x00,0x00,0x00,0x00,0x00,0x00,0x00,0x00,0x00,0x00,0x00,0x00,0x00,0x00
  ,0x00,0x00,0x00,0x00,0x00,0x00,0x00,0x00,0x00,0x00,0x00,0x00,0x00,0x00,0x00,0x00,0x00,0x00,0x00,
  0x00,0x00,0x00,0x00,0x00,0x00,0x00,0x00,0x00,0x00,0x00,0x00,0x00,0x00,0x00,0x00,0x00,0x00,0x00,0
  x00,0x00,0x00,0x00,0x00,0x00,0x00,0x00,0x00,0x00,0x00,0x00,0x00,0x00,0x00,0x00,0x00,0x00,0x00,0x
  00,0x00,0x00,0x00,0x00,0x00,0x00,0x00,0x00,0x00,0x00,0x00,0x00,0x00,0x00,0x00,0x00,0x00,0x00,0x0
  0,0x00,0x00,0x00,0x00,0x00,0x00,0x00,0x00,0x00,0x00,0x00,0x00,0x00,0x00,0x00,0x00,0x00,0x00,0x00
  ,0x00,0x00,0x00,0x00,0x00,0x00,0x00,0x00,0x00,0x00,0x00,0x00,0x00,0x00,0x00,0x00,0x00,0x00,0x00,
  0x00,0x00,0x00,0x00,0x00,0x00,0x00,0x00,0x00,0x00,0x00,0x00,0x00,0x00,0x00,0x00,0x00,0x00,0x00,0
  x00,0x00,0x00,0x00,0x00,0x00,0x00,0x00,0x00,0x00,0x00,0x00,0x00,0x00,0x00,0x00,0x00,0x00,0x00,0x
  00,0x00,0x00,0x00,0x00,0x00,0x00,0x00,0x00,0x00,0x00,0x00,0x00,0x00,0x00,0x00,0x00,0x00,0x00,0x0
  0,0x00,0x00,0x00,0x00,0x00,0x00,0x00,0x00,0x00,0x00,0x00,0x00,0x00,0x00,0x00,0x00,0x00,0x00,0x00
  ,0x00,0x00,0x00,0x00,0x00,0x00,0x00,0x00,0x00,0x00,0x00,0x00,0x00,0x00,0x00,0x00,0x00,0x00,0x00,
  0x00,0x00,0x00,0x00,0x00,0x00,0x00,0x00,0x00,0x00,0x00,0x00,0x00,0x00,0x00,0x00,0x00,0x00,0x00,0
  x00,0x00,0x00,0x00,0x00,0x00,0x00,0x00,0x00,0x00,0x00,0x00,0x00,0x01,0x36,0x8a,0xbb,0xbb,0xa8,0x
  63,0x10,0x00,0x00,0x00,0x00,0x00,0x00,0x00,0x00,0x00,0x00,0x00,0x00,0x00,0x00,0x00,0x14,0x9d,0xe
  f,0xff,0xff,0xff,0xff,0xff,0xd9,0x41,0x00,0x00,0x00,0x00,0x00,0x00,0x00,0x00,0x00,0x00,0x00,0x00
  ,0x00,0x16,0xcf,0xff,0xff,0xff,0xff,0xff,0xff,0xff,0xff,0xfc,0x61,0x00,0x00,0x00,0x00,0x00,0x00,
  0x00,0x00,0x00,0x00,0x00,0x03,0xbf,0xff,0xfe,0xca,0x75,0x43,0x34,0x57,0xac,0xef,0xff,0xfb,0x30,0
  x00,0x00,0x00,0x00,0x00,0x00,0x00,0x00,0x00,0x00,0x5d,0xff,0xfd,0x83,0x10,0x00,0x00,0x00,0x00,0x
  01,0x38,0xdf,0xff,0xd5,0x00,0x00,0x00,0x00,0x00,0x00,0x00,0x00,0x00,0x05,0xef,0xfe,0x82,0x00,0x0
  0,0x00,0x00,0x00,0x00,0x00,0x00,0x28,0xef,0xfe,0x50,0x00,0x00,0x00,0x00,0x00,0x00,0x00,0x00,0x2d
  ,0xff,0xc4,0x00,0x00,0x00,0x00,0x03,0x67,0x64,0x10,0x00,0x00,0x4c,0xff,0xd2,0x00,0x00,0x00,0x00,
  0x00,0x00,0x00,0x00,0x9f,0xfd,0x20,0x00,0x00,0x00,0x16,0xcf,0xff,0xff,0xc3,0x00,0x00,0x02,0xdf,0
  xf9,0x00,0x00,0x00,0x00,0x00,0x00,0x00,0x02,0xef,0xe4,0x00,0x00,0x00,0x02,0xcf,0xff,0xff,0xff,0x
  fc,0x10,0x00,0x00,0x4e,0xfe,0x20,0x00,0x00,0x00,0x00,0x00,0x00,0x05,0xff,0xb0,0x00,0x00,0x00,0x2
  d,0xff,0xff,0xff,0xff,0xfe,0x30,0x00,0x00,0x0b,0xff,0x50,0x00,0x00,0x00,0x00,0x00,0x00,0x07,0xff
  ,0x80,0x00,0x00,0x00,0xaf,0xff,0xff,0xff,0xff,0xfe,0x20,0x00,0x00,0x08,0xff,0x70,0x00,0x00,0x00,
  0x00,0x00,0x00,0x07,0xff,0x80,0x00,0x00,0x02,0xef,0xff,0xff,0xff,0xff,0xfa,0x00,0x00,0x00,0x08,0
  xff,0x70,0x00,0x00,0x00,0x00,0x00,0x00,0x05,0xff,0xb0,0x00,0x00,0x03,0xef,0xff,0xff,0xff,0xff,0x
  d2,0x00,0x00,0x00,0x0b,0xff,0x50,0x00,0x00,0x00,0x00,0x00,0x00,0x02,0xef,0xe4,0x00,0x00,0x01,0xc
  f,0xff,0xff,0xff,0xfc,0x20,0x00,0x00,0x00,0x4e,0xfe,0x20,0x00,0x00,0x00,0x00,0x00,0x00,0x00,0x9f
  ,0xfd,0x20,0x00,0x00,0x3c,0xff,0xff,0xfc,0x61,0x00,0x00,0x00,0x02,0xdf,0xf9,0x00,0x00,0x00,0x00,
  0x00,0x00,0x00,0x00,0x2d,0xff,0xc4,0x00,0x00,0x01,0x46,0x76,0x30,0x00,0x00,0x00,0x00,0x4c,0xff,0
  xd2,0x00,0x00,0x00,0x00,0x00,0x00,0x00,0x00,0x05,0xef,0xfe,0x82,0x00,0x00,0x00,0x00,0x00,0x00,0x
  00,0x00,0x28,0xef,0xfe,0x50,0x00,0x00,0x00,0x00,0x00,0x00,0x00,0x00,0x00,0x5d,0xff,0xfd,0x83,0x1
  0,0x00,0x00,0x00,0x00,0x01,0x38,0xdf,0xff,0xd5,0x00,0x00,0x00,0x00,0x00,0x00,0x00,0x00,0x00,0x00
  ,0x03,0xbf,0xff,0xfe,0xca,0x75,0x43,0x34,0x57,0xac,0xef,0xff,0xfb,0x30,0x00,0x00,0x00,0x00,0x00,
  0x00,0x00,0x00,0x00,0x00,0x00,0x16,0xcf,0xff,0xff,0xff,0xff,0xff,0xff,0xff,0xff,0xfc,0x61,0x00,0
  x00,0x00,0x00,0x00,0x00,0x00,0x00,0x00,0x00,0x00,0x00,0x00,0x14,0x9d,0xff,0xff,0xff,0xff,0xff,0x
  fe,0xd9,0x41,0x00,0x00,0x00,0x00,0x00,0x00,0x00,0x00,0x00,0x00,0x00,0x00,0x00,0x00,0x00,0x01,0x3
  6,0x8a,0xbb,0xbb,0xa8,0x63,0x10,0x00,0x00,0x00,0x00,0x00,0x00,0x00,0x00,0x00,0x00,0x00,0x00,0x00
  ,0x00,0x00,0x00,0x00,0x00,0x00,0x00,0x00,0x00,0x00,0x00,0x00,0x00,0x00,0x00,0x00,0x00,0x00,0x00,
  0x00,0x00,0x00,0x00,0x00,0x00,0x00,0x00,0x00,0x00,0x00,0x00,0x00,0x00,0x00,0x00,0x00,0x00,0x00,0
  x00,0x00,0x00,0x00,0x00,0x00,0x00,0x00,0x00,0x00,0x00,0x00,0x00,0x00,0x00,0x00,0x00,0x00,0x00,0x
  00,0x00,0x00,0x00,0x00,0x00,0x00,0x00,0x00,0x00,0x00,0x00,0x00,0x00,0x00,0x00,0x00,0x00,0x00,0x0
  0,0x00,0x00,0x00,0x00,0x00,0x00,0x00,0x00,0x00,0x00,0x00,0x00,0x00,0x00,0x00,0x00,0x00,0x00,0x00
  ,0x00,0x00,0x00,0x00,0x00,0x00,0x00,0x00,0x00,0x00,0x00,0x00,0x00,0x00,0x00,0x00,0x00,0x00,0x00,
  0x00,0x00,0x00,0x00,0x00,0x00,0x00,0x00,0x00,0x00,0x00,0x00,0x00,0x00,0x00,0x00,0x00,0x00,0x00,0
  x00,0x00,0x00,0x00,0x00,0x00,0x00,0x00,0x00,0x00,0x00,0x00,0x00,0x00,0x00,0x00,0x00,0x00,0x00,0x
  00,0x00,0x00,0x00,0x00,0x00,0x00,0x00,0x00,0x00,0x00,0x00,0x00,0x00,0x00,0x00,0x00,0x00,0x00,0x0
  0,0x00,0x00,0x00,0x00,0x00,0x00,0x00,0x00,0x00,0x00,0x00,0x00,0x00,0x00,0x00,0x00,0x00,0x00,0x00
  ,0x00,0x00,0x00,0x00,0x00,0x00,0x00,0x00,0x00,0x00,0x00,0x00,0x00,0x00,0x00,0x00,0x00,0x00,0x00,
  0x00,0x00,0x00,0x00,0x00,0x00,0x00,0x00,0x00,0x00,0x00,0x00,0x00,0x00,0x00,0x00,0x00,0x00,0x00,0
  x00,0x00,0x00,0x00,0x00,0x00,0x00,0x00,0x00,0x00,0x00,0x00,0x00,0x00,0x00,0x00,0x00,0x00,0x00,0x
  00,0x00,0x00,0x00,0x00,0x00,0x00,0x00,0x00,0x00,0x00,0x00,0x00,0x00,0x00,0x00,0x00,0x00,0x00,0x0
  0,0x00,0x00,0x00,0x00,0x00,0x00,0x00,0x00,0x00,0x00,0x00,0x00,0x00,0x00,0x00,0x00,0x00,0x00,0x00
  ,0x00,0x00,0x00,0x00,0x00,0x00,0x00,0x00,0x00,0x00,0x00,0x00,0x00,0x00,0x00,0x00,0x00,0x00,0x00
};

const lv_img_dsc_t dso_gal_spiral_48 = {
  .header.cf = LV_IMG_CF_ALPHA_4BIT,
  .header.always_zero = 0,
  .header.w = 48,
  .header.h = 48,
  .data_size = 1152,
  .data = dso_gal_spiral_48_map,
};

static const uint8_t dso_gal_barred_48_map[] = {
  0x00,0x00,0x00,0x00,0x00,0x00,0x00,0x00,0x00,0x00,0x00,0x00,0x00,0x00,0x00,0x00,0x00,0x00,0x00,0
  x00,0x00,0x00,0x00,0x00,0x00,0x00,0x00,0x00,0x00,0x00,0x00,0x00,0x00,0x00,0x00,0x00,0x00,0x00,0x
  00,0x00,0x00,0x00,0x00,0x00,0x00,0x00,0x00,0x00,0x00,0x00,0x00,0x00,0x00,0x00,0x00,0x00,0x00,0x0
  0,0x00,0x00,0x00,0x00,0x00,0x00,0x00,0x00,0x00,0x00,0x00,0x00,0x00,0x00,0x00,0x00,0x00,0x00,0x00
  ,0x00,0x00,0x00,0x00,0x00,0x00,0x00,0x00,0x00,0x00,0x00,0x00,0x00,0x00,0x00,0x00,0x00,0x00,0x00,
  0x00,0x00,0x00,0x00,0x00,0x00,0x00,0x00,0x00,0x00,0x00,0x00,0x00,0x00,0x00,0x00,0x00,0x00,0x00,0
  x00,0x00,0x00,0x00,0x00,0x00,0x00,0x00,0x00,0x00,0x00,0x00,0x00,0x00,0x00,0x00,0x00,0x00,0x00,0x
  00,0x00,0x00,0x00,0x00,0x00,0x00,0x00,0x00,0x00,0x00,0x00,0x00,0x00,0x00,0x00,0x00,0x00,0x00,0x0
  0,0x00,0x00,0x00,0x00,0x00,0x00,0x00,0x00,0x00,0x00,0x00,0x00,0x00,0x00,0x00,0x00,0x00,0x00,0x00
  ,0x00,0x00,0x00,0x00,0x00,0x00,0x00,0x00,0x00,0x00,0x00,0x00,0x00,0x00,0x00,0x00,0x00,0x00,0x00,
  0x00,0x00,0x00,0x00,0x00,0x00,0x00,0x00,0x00,0x00,0x00,0x00,0x00,0x00,0x00,0x00,0x00,0x00,0x00,0
  x00,0x00,0x00,0x00,0x00,0x00,0x00,0x00,0x00,0x00,0x00,0x00,0x00,0x00,0x00,0x00,0x00,0x00,0x00,0x
  00,0x00,0x00,0x00,0x00,0x00,0x00,0x00,0x00,0x00,0x00,0x00,0x00,0x00,0x00,0x00,0x00,0x00,0x00,0x0
  0,0x00,0x00,0x00,0x00,0x00,0x00,0x00,0x00,0x00,0x00,0x00,0x00,0x00,0x00,0x00,0x00,0x00,0x00,0x00
  ,0x00,0x00,0x00,0x00,0x00,0x00,0x00,0x00,0x00,0x00,0x00,0x00,0x00,0x00,0x00,0x00,0x00,0x00,0x00,
  0x00,0x00,0x00,0x00,0x00,0x00,0x00,0x00,0x00,0x00,0x11,0x22,0x22,0x11,0x00,0x00,0x00,0x00,0x00,0
  x00,0x00,0x00,0x00,0x00,0x00,0x00,0x00,0x00,0x00,0x00,0x00,0x00,0x25,0x8b,0xcd,0xee,0xee,0xdc,0x
  b8,0x52,0x00,0x00,0x00,0x00,0x00,0x00,0x00,0x00,0x00,0x00,0x00,0x00,0x00,0x00,0x01,0x5b,0xef,0xf
  f,0xff,0xff,0xff,0xff,0xff,0xfe,0xa2,0x00,0x00,0x00,0x00,0x00,0x00,0x00,0x00,0x00,0x00,0x00,0x00
  ,0x01,0x6c,0xff,0xff,0xff,0xee,0xdd,0xdd,0xee,0xff,0xff,0xf7,0x00,0x00,0x00,0x00,0x00,0x00,0x00,
  0x00,0x00,0x00,0x00,0x00,0x3b,0xff,0xff,0xeb,0x85,0x32,0x11,0x11,0x23,0x58,0xbe,0xe4,0x00,0x00,0
  x00,0x00,0x00,0x00,0x00,0x00,0x00,0x00,0x00,0x05,0xdf,0xff,0xd7,0x30,0x00,0x00,0x00,0x00,0x00,0x
  00,0x02,0x20,0x00,0x00,0x00,0x00,0x00,0x00,0x00,0x00,0x00,0x00,0x00,0x5e,0xff,0xe7,0x10,0x00,0x0
  0,0x00,0x00,0x00,0x00,0x00,0x00,0x11,0x00,0x00,0x00,0x00,0x00,0x00,0x00,0x00,0x00,0x00,0x01,0xcf
  ,0xfc,0x30,0x00,0x00,0x00,0x00,0x00,0x00,0x00,0x02,0x6b,0xed,0x50,0x00,0x00,0x00,0x00,0x00,0x00,
  0x00,0x00,0x00,0x01,0xcf,0xc2,0x00,0x00,0x00,0x00,0x01,0x6a,0xcb,0x77,0xce,0xff,0xff,0xd1,0x00,0
  x00,0x00,0x00,0x00,0x00,0x00,0x00,0x00,0x00,0x26,0x20,0x00,0x00,0x00,0x00,0x3c,0xff,0xff,0xff,0x
  ff,0xff,0xff,0xe1,0x00,0x00,0x00,0x00,0x00,0x00,0x00,0x00,0x00,0x00,0x00,0x00,0x00,0x00,0x00,0x0
  2,0xdf,0xff,0xff,0xff,0xff,0xff,0xff,0x90,0x00,0x00,0x00,0x00,0x00,0x00,0x00,0x00,0x00,0x00,0x00
  ,0x00,0x00,0x00,0x15,0x9d,0xff,0xff,0xff,0xff,0xff,0xfd,0xa5,0x10,0x00,0x00,0x00,0x00,0x00,0x00,
  0x00,0x00,0x00,0x00,0x00,0x00,0x01,0x5a,0xdf,0xff,0xff,0xff,0xff,0xff,0xd9,0x51,0x00,0x00,0x00,0
  x00,0x00,0x00,0x00,0x00,0x00,0x00,0x00,0x00,0x00,0x00,0x09,0xff,0xff,0xff,0xff,0xff,0xff,0xfd,0x
  20,0x00,0x00,0x00,0x00,0x00,0x00,0x00,0x00,0x00,0x00,0x00,0x00,0x00,0x00,0x00,0x1e,0xff,0xff,0xf
  f,0xff,0xff,0xff,0xc3,0x00,0x00,0x00,0x00,0x02,0x62,0x00,0x00,0x00,0x00,0x00,0x00,0x00,0x00,0x00
  ,0x00,0x1d,0xff,0xff,0xec,0x77,0xbc,0xa6,0x10,0x00,0x00,0x00,0x00,0x2c,0xfc,0x10,0x00,0x00,0x00,
  0x00,0x00,0x00,0x00,0x00,0x00,0x05,0xde,0xb6,0x20,0x00,0x00,0x00,0x00,0x00,0x00,0x00,0x03,0xcf,0
  xfc,0x10,0x00,0x00,0x00,0x00,0x00,0x00,0x00,0x00,0x00,0x00,0x11,0x00,0x00,0x00,0x00,0x00,0x00,0x
  00,0x00,0x01,0x7e,0xff,0xe5,0x00,0x00,0x00,0x00,0x00,0x00,0x00,0x00,0x00,0x00,0x00,0x02,0x20,0x0
  0,0x00,0x00,0x00,0x00,0x00,0x03,0x7d,0xff,0xfd,0x50,0x00,0x00,0x00,0x00,0x00,0x00,0x00,0x00,0x00
  ,0x00,0x00,0x4e,0xeb,0x85,0x32,0x11,0x11,0x23,0x58,0xbe,0xff,0xff,0xb3,0x00,0x00,0x00,0x00,0x00,
  0x00,0x00,0x00,0x00,0x00,0x00,0x00,0x7f,0xff,0xff,0xee,0xdd,0xdd,0xee,0xff,0xff,0xff,0xc6,0x10,0
  x00,0x00,0x00,0x00,0x00,0x00,0x00,0x00,0x00,0x00,0x00,0x00,0x2a,0xef,0xff,0xff,0xff,0xff,0xff,0x
  ff,0xfe,0xb5,0x10,0x00,0x00,0x00,0x00,0x00,0x00,0x00,0x00,0x00,0x00,0x00,0x00,0x00,0x00,0x25,0x8
  b,0xcd,0xee,0xee,0xdc,0xb8,0x52,0x00,0x00,0x00,0x00,0x00,0x00,0x00,0x00,0x00,0x00,0x00,0x00,0x00
  ,0x00,0x00,0x00,0x00,0x00,0x11,0x22,0x22,0x11,0x00,0x00,0x00,0x00,0x00,0x00,0x00,0x00,0x00,0x00,
  0x00,0x00,0x00,0x00,0x00,0x00,0x00,0x00,0x00,0x00,0x00,0x00,0x00,0x00,0x00,0x00,0x00,0x00,0x00,0
  x00,0x00,0x00,0x00,0x00,0x00,0x00,0x00,0x00,0x00,0x00,0x00,0x00,0x00,0x00,0x00,0x00,0x00,0x00,0x
  00,0x00,0x00,0x00,0x00,0x00,0x00,0x00,0x00,0x00,0x00,0x00,0x00,0x00,0x00,0x00,0x00,0x00,0x00,0x0
  0,0x00,0x00,0x00,0x00,0x00,0x00,0x00,0x00,0x00,0x00,0x00,0x00,0x00,0x00,0x00,0x00,0x00,0x00,0x00
  ,0x00,0x00,0x00,0x00,0x00,0x00,0x00,0x00,0x00,0x00,0x00,0x00,0x00,0x00,0x00,0x00,0x00,0x00,0x00,
  0x00,0x00,0x00,0x00,0x00,0x00,0x00,0x00,0x00,0x00,0x00,0x00,0x00,0x00,0x00,0x00,0x00,0x00,0x00,0
  x00,0x00,0x00,0x00,0x00,0x00,0x00,0x00,0x00,0x00,0x00,0x00,0x00,0x00,0x00,0x00,0x00,0x00,0x00,0x
  00,0x00,0x00,0x00,0x00,0x00,0x00,0x00,0x00,0x00,0x00,0x00,0x00,0x00,0x00,0x00,0x00,0x00,0x00,0x0
  0,0x00,0x00,0x00,0x00,0x00,0x00,0x00,0x00,0x00,0x00,0x00,0x00,0x00,0x00,0x00,0x00,0x00,0x00,0x00
  ,0x00,0x00,0x00,0x00,0x00,0x00,0x00,0x00,0x00,0x00,0x00,0x00,0x00,0x00,0x00,0x00,0x00,0x00,0x00,
  0x00,0x00,0x00,0x00,0x00,0x00,0x00,0x00,0x00,0x00,0x00,0x00,0x00,0x00,0x00,0x00,0x00,0x00,0x00,0
  x00,0x00,0x00,0x00,0x00,0x00,0x00,0x00,0x00,0x00,0x00,0x00,0x00,0x00,0x00,0x00,0x00,0x00,0x00,0x
  00,0x00,0x00,0x00,0x00,0x00,0x00,0x00,0x00,0x00,0x00,0x00,0x00,0x00,0x00,0x00,0x00,0x00,0x00,0x0
  0,0x00,0x00,0x00,0x00,0x00,0x00,0x00,0x00,0x00,0x00,0x00,0x00,0x00,0x00,0x00,0x00,0x00,0x00,0x00
  ,0x00,0x00,0x00,0x00,0x00,0x00,0x00,0x00,0x00,0x00,0x00,0x00,0x00,0x00,0x00,0x00,0x00,0x00,0x00
};

const lv_img_dsc_t dso_gal_barred_48 = {
  .header.cf = LV_IMG_CF_ALPHA_4BIT,
  .header.always_zero = 0,
  .header.w = 48,
  .header.h = 48,
  .data_size = 1152,
  .data = dso_gal_barred_48_map,
};

static const uint8_t dso_gal_elliptical_48_map[] = {
  0x00,0x00,0x00,0x00,0x00,0x00,0x00,0x00,0x00,0x00,0x00,0x00,0x00,0x00,0x00,0x00,0x00,0x00,0x00,0
  x00,0x00,0x00,0x00,0x00,0x00,0x00,0x00,0x00,0x00,0x00,0x00,0x00,0x00,0x00,0x00,0x00,0x00,0x00,0x
  00,0x00,0x00,0x00,0x00,0x00,0x00,0x00,0x00,0x00,0x00,0x00,0x00,0x00,0x00,0x00,0x00,0x00,0x00,0x0
  0,0x00,0x00,0x00,0x00,0x00,0x00,0x00,0x00,0x00,0x00,0x00,0x00,0x00,0x00,0x00,0x00,0x00,0x00,0x00
  ,0x00,0x00,0x00,0x00,0x00,0x00,0x00,0x00,0x00,0x00,0x00,0x00,0x00,0x00,0x00,0x00,0x00,0x00,0x00,
  0x00,0x00,0x00,0x00,0x00,0x00,0x00,0x00,0x00,0x00,0x00,0x00,0x00,0x00,0x00,0x00,0x00,0x00,0x00,0
  x00,0x00,0x00,0x00,0x00,0x00,0x00,0x00,0x00,0x00,0x00,0x00,0x00,0x00,0x00,0x00,0x00,0x00,0x00,0x
  00,0x00,0x00,0x00,0x00,0x00,0x00,0x00,0x00,0x00,0x00,0x00,0x00,0x00,0x00,0x00,0x00,0x00,0x00,0x0
  0,0x00,0x00,0x00,0x00,0x00,0x00,0x00,0x00,0x00,0x00,0x00,0x00,0x00,0x00,0x00,0x00,0x00,0x00,0x00
  ,0x00,0x00,0x00,0x00,0x00,0x00,0x00,0x00,0x00,0x00,0x00,0x00,0x00,0x00,0x00,0x00,0x00,0x00,0x00,
  0x00,0x00,0x00,0x00,0x00,0x00,0x00,0x00,0x00,0x00,0x00,0x00,0x00,0x00,0x00,0x00,0x00,0x00,0x00,0
  x00,0x00,0x00,0x00,0x00,0x00,0x00,0x00,0x00,0x00,0x00,0x00,0x00,0x00,0x00,0x00,0x00,0x00,0x00,0x
  00,0x00,0x00,0x00,0x00,0x00,0x00,0x00,0x00,0x00,0x00,0x00,0x00,0x00,0x00,0x00,0x00,0x00,0x00,0x0
  0,0x00,0x00,0x00,0x00,0x00,0x00,0x00,0x00,0x00,0x00,0x00,0x00,0x00,0x00,0x00,0x00,0x00,0x00,0x00
  ,0x00,0x00,0x00,0x00,0x00,0x00,0x23,0x57,0x89,0x98,0x75,0x31,0x00,0x00,0x00,0x00,0x00,0x00,0x00,
  0x00,0x00,0x00,0x00,0x00,0x00,0x00,0x00,0x00,0x02,0x59,0xce,0xff,0xff,0xff,0xfe,0xda,0x62,0x00,0
  x00,0x00,0x00,0x00,0x00,0x00,0x00,0x00,0x00,0x00,0x00,0x00,0x00,0x03,0x8c,0xff,0xff,0xff,0xff,0x
  ff,0xff,0xff,0xeb,0x61,0x00,0x00,0x00,0x00,0x00,0x00,0x00,0x00,0x00,0x00,0x00,0x00,0x03,0x8d,0xf
  f,0xff,0xff,0xff,0xff,0xff,0xff,0xff,0xff,0xe8,0x20,0x00,0x00,0x00,0x00,0x00,0x00,0x00,0x00,0x00
  ,0x00,0x01,0x6c,0xff,0xff,0xff,0xff,0xff,0xff,0xff,0xff,0xff,0xff,0xfe,0x82,0x00,0x00,0x00,0x00,
  0x00,0x00,0x00,0x00,0x00,0x00,0x29,0xef,0xff,0xff,0xff,0xff,0xff,0xff,0xff,0xff,0xff,0xff,0xff,0
  xd6,0x00,0x00,0x00,0x00,0x00,0x00,0x00,0x00,0x00,0x02,0xaf,0xff,0xff,0xff,0xff,0xff,0xff,0xff,0x
  ff,0xff,0xff,0xff,0xff,0xfb,0x30,0x00,0x00,0x00,0x00,0x00,0x00,0x00,0x00,0x2a,0xff,0xff,0xff,0xf
  f,0xff,0xff,0xff,0xff,0xff,0xff,0xff,0xff,0xff,0xfe,0x60,0x00,0x00,0x00,0x00,0x00,0x00,0x00,0x01
  ,0x9f,0xff,0xff,0xff,0xff,0xff,0xff,0xff,0xff,0xff,0xff,0xff,0xff,0xff,0xff,0x81,0x00,0x00,0x00,
  0x00,0x00,0x00,0x00,0x07,0xef,0xff,0xff,0xff,0xff,0xff,0xff,0xff,0xff,0xff,0xff,0xff,0xff,0xff,0
  xff,0x91,0x00,0x00,0x00,0x00,0x00,0x00,0x00,0x4c,0xff,0xff,0xff,0xff,0xff,0xff,0xff,0xff,0xff,0x
  ff,0xff,0xff,0xff,0xff,0xff,0x91,0x00,0x00,0x00,0x00,0x00,0x00,0x01,0x8f,0xff,0xff,0xff,0xff,0xf
  f,0xff,0xff,0xff,0xff,0xff,0xff,0xff,0xff,0xff,0xff,0x80,0x00,0x00,0x00,0x00,0x00,0x00,0x03,0xcf
  ,0xff,0xff,0xff,0xff,0xff,0xff,0xff,0xff,0xff,0xff,0xff,0xff,0xff,0xff,0xfe,0x60,0x00,0x00,0x00,
  0x00,0x00,0x00,0x06,0xef,0xff,0xff,0xff,0xff,0xff,0xff,0xff,0xff,0xff,0xff,0xff,0xff,0xff,0xff,0
  xfc,0x30,0x00,0x00,0x00,0x00,0x00,0x00,0x08,0xff,0xff,0xff,0xff,0xff,0xff,0xff,0xff,0xff,0xff,0x
  ff,0xff,0xff,0xff,0xff,0xf8,0x10,0x00,0x00,0x00,0x00,0x00,0x00,0x19,0xff,0xff,0xff,0xff,0xff,0xf
  f,0xff,0xff,0xff,0xff,0xff,0xff,0xff,0xff,0xff,0xc4,0x00,0x00,0x00,0x00,0x00,0x00,0x00,0x19,0xff
  ,0xff,0xff,0xff,0xff,0xff,0xff,0xff,0xff,0xff,0xff,0xff,0xff,0xff,0xfe,0x70,0x00,0x00,0x00,0x00,
  0x00,0x00,0x00,0x18,0xff,0xff,0xff,0xff,0xff,0xff,0xff,0xff,0xff,0xff,0xff,0xff,0xff,0xff,0xf9,0
  x10,0x00,0x00,0x00,0x00,0x00,0x00,0x00,0x06,0xef,0xff,0xff,0xff,0xff,0xff,0xff,0xff,0xff,0xff,0x
  ff,0xff,0xff,0xff,0xa2,0x00,0x00,0x00,0x00,0x00,0x00,0x00,0x00,0x03,0xbf,0xff,0xff,0xff,0xff,0xf
  f,0xff,0xff,0xff,0xff,0xff,0xff,0xff,0xfa,0x20,0x00,0x00,0x00,0x00,0x00,0x00,0x00,0x00,0x00,0x6d
  ,0xff,0xff,0xff,0xff,0xff,0xff,0xff,0xff,0xff,0xff,0xff,0xfe,0x92,0x00,0x00,0x00,0x00,0x00,0x00,
  0x00,0x00,0x00,0x00,0x28,0xef,0xff,0xff,0xff,0xff,0xff,0xff,0xff,0xff,0xff,0xff,0xc6,0x10,0x00,0
  x00,0x00,0x00,0x00,0x00,0x00,0x00,0x00,0x00,0x02,0x8e,0xff,0xff,0xff,0xff,0xff,0xff,0xff,0xff,0x
  ff,0xd8,0x30,0x00,0x00,0x00,0x00,0x00,0x00,0x00,0x00,0x00,0x00,0x00,0x00,0x16,0xbe,0xff,0xff,0xf
  f,0xff,0xff,0xff,0xff,0xc8,0x30,0x00,0x00,0x00,0x00,0x00,0x00,0x00,0x00,0x00,0x00,0x00,0x00,0x00
  ,0x00,0x26,0xad,0xef,0xff,0xff,0xff,0xec,0x95,0x20,0x00,0x00,0x00,0x00,0x00,0x00,0x00,0x00,0x00,
  0x00,0x00,0x00,0x00,0x00,0x00,0x00,0x13,0x57,0x89,0x98,0x75,0x32,0x00,0x00,0x00,0x00,0x00,0x00,0
  x00,0x00,0x00,0x00,0x00,0x00,0x00,0x00,0x00,0x00,0x00,0x00,0x00,0x00,0x00,0x00,0x00,0x00,0x00,0x
  00,0x00,0x00,0x00,0x00,0x00,0x00,0x00,0x00,0x00,0x00,0x00,0x00,0x00,0x00,0x00,0x00,0x00,0x00,0x0
  0,0x00,0x00,0x00,0x00,0x00,0x00,0x00,0x00,0x00,0x00,0x00,0x00,0x00,0x00,0x00,0x00,0x00,0x00,0x00
  ,0x00,0x00,0x00,0x00,0x00,0x00,0x00,0x00,0x00,0x00,0x00,0x00,0x00,0x00,0x00,0x00,0x00,0x00,0x00,
  0x00,0x00,0x00,0x00,0x00,0x00,0x00,0x00,0x00,0x00,0x00,0x00,0x00,0x00,0x00,0x00,0x00,0x00,0x00,0
  x00,0x00,0x00,0x00,0x00,0x00,0x00,0x00,0x00,0x00,0x00,0x00,0x00,0x00,0x00,0x00,0x00,0x00,0x00,0x
  00,0x00,0x00,0x00,0x00,0x00,0x00,0x00,0x00,0x00,0x00,0x00,0x00,0x00,0x00,0x00,0x00,0x00,0x00,0x0
  0,0x00,0x00,0x00,0x00,0x00,0x00,0x00,0x00,0x00,0x00,0x00,0x00,0x00,0x00,0x00,0x00,0x00,0x00,0x00
  ,0x00,0x00,0x00,0x00,0x00,0x00,0x00,0x00,0x00,0x00,0x00,0x00,0x00,0x00,0x00,0x00,0x00,0x00,0x00,
  0x00,0x00,0x00,0x00,0x00,0x00,0x00,0x00,0x00,0x00,0x00,0x00,0x00,0x00,0x00,0x00,0x00,0x00,0x00,0
  x00,0x00,0x00,0x00,0x00,0x00,0x00,0x00,0x00,0x00,0x00,0x00,0x00,0x00,0x00,0x00,0x00,0x00,0x00,0x
  00,0x00,0x00,0x00,0x00,0x00,0x00,0x00,0x00,0x00,0x00,0x00,0x00,0x00,0x00,0x00,0x00,0x00,0x00,0x0
  0,0x00,0x00,0x00,0x00,0x00,0x00,0x00,0x00,0x00,0x00,0x00,0x00,0x00,0x00,0x00,0x00,0x00,0x00,0x00
  ,0x00,0x00,0x00,0x00,0x00,0x00,0x00,0x00,0x00,0x00,0x00,0x00,0x00,0x00,0x00,0x00,0x00,0x00,0x00
};

const lv_img_dsc_t dso_gal_elliptical_48 = {
  .header.cf = LV_IMG_CF_ALPHA_4BIT,
  .header.always_zero = 0,
  .header.w = 48,
  .header.h = 48,
  .data_size = 1152,
  .data = dso_gal_elliptical_48_map,
};

static const uint8_t dso_gal_lenticular_48_map[] = {
  0x00,0x00,0x00,0x00,0x00,0x00,0x00,0x00,0x00,0x00,0x00,0x00,0x00,0x00,0x00,0x00,0x00,0x00,0x00,0
  x00,0x00,0x00,0x00,0x00,0x00,0x00,0x00,0x00,0x00,0x00,0x00,0x00,0x00,0x00,0x00,0x00,0x00,0x00,0x
  00,0x00,0x00,0x00,0x00,0x00,0x00,0x00,0x00,0x00,0x00,0x00,0x00,0x00,0x00,0x00,0x00,0x00,0x00,0x0
  0,0x00,0x00,0x00,0x00,0x00,0x00,0x00,0x00,0x00,0x00,0x00,0x00,0x00,0x00,0x00,0x00,0x00,0x00,0x00
  ,0x00,0x00,0x00,0x00,0x00,0x00,0x00,0x00,0x00,0x00,0x00,0x00,0x00,0x00,0x00,0x00,0x00,0x00,0x00,
  0x00,0x00,0x00,0x00,0x00,0x00,0x00,0x00,0x00,0x00,0x00,0x00,0x00,0x00,0x00,0x00,0x00,0x00,0x00,0
  x00,0x00,0x00,0x00,0x00,0x00,0x00,0x00,0x00,0x00,0x00,0x00,0x00,0x00,0x00,0x00,0x00,0x00,0x00,0x
  00,0x00,0x00,0x00,0x00,0x00,0x00,0x00,0x00,0x00,0x00,0x00,0x00,0x00,0x00,0x00,0x00,0x00,0x00,0x0
  0,0x00,0x00,0x00,0x00,0x00,0x00,0x00,0x00,0x00,0x00,0x00,0x00,0x00,0x00,0x00,0x00,0x00,0x00,0x00
  ,0x00,0x00,0x00,0x00,0x00,0x00,0x00,0x00,0x00,0x00,0x00,0x00,0x00,0x00,0x00,0x00,0x00,0x00,0x00,
  0x00,0x00,0x00,0x00,0x00,0x00,0x00,0x00,0x00,0x00,0x00,0x00,0x00,0x00,0x00,0x00,0x00,0x00,0x00,0
  x00,0x00,0x00,0x00,0x00,0x00,0x00,0x00,0x00,0x00,0x00,0x00,0x00,0x00,0x00,0x00,0x00,0x00,0x00,0x
  00,0x00,0x00,0x00,0x00,0x00,0x00,0x00,0x00,0x00,0x00,0x00,0x00,0x00,0x00,0x00,0x00,0x00,0x00,0x0
  0,0x00,0x00,0x00,0x00,0x00,0x00,0x00,0x00,0x00,0x00,0x00,0x00,0x00,0x00,0x00,0x00,0x00,0x00,0x00
  ,0x00,0x00,0x00,0x00,0x00,0x00,0x00,0x00,0x00,0x00,0x00,0x00,0x00,0x00,0x00,0x00,0x00,0x00,0x00,
  0x00,0x00,0x00,0x00,0x00,0x00,0x00,0x00,0x00,0x00,0x00,0x00,0x00,0x00,0x00,0x00,0x00,0x00,0x00,0
  x00,0x00,0x00,0x00,0x00,0x00,0x00,0x00,0x00,0x00,0x00,0x00,0x00,0x00,0x00,0x00,0x00,0x00,0x00,0x
  00,0x00,0x00,0x00,0x00,0x00,0x00,0x00,0x00,0x00,0x00,0x00,0x00,0x00,0x00,0x00,0x00,0x00,0x00,0x0
  0,0x00,0x00,0x00,0x00,0x00,0x00,0x00,0x00,0x00,0x00,0x00,0x00,0x00,0x00,0x00,0x00,0x00,0x00,0x00
  ,0x00,0x00,0x00,0x00,0x00,0x00,0x00,0x00,0x00,0x00,0x00,0x00,0x00,0x00,0x00,0x00,0x00,0x00,0x00,
  0x00,0x00,0x00,0x00,0x00,0x00,0x00,0x00,0x00,0x00,0x14,0x79,0x97,0x41,0x00,0x00,0x00,0x00,0x12,0
  x33,0x20,0x00,0x00,0x00,0x00,0x00,0x00,0x00,0x00,0x00,0x00,0x00,0x00,0x05,0xcf,0xff,0xff,0xfc,0x
  50,0x14,0x7a,0xce,0xff,0xff,0xfd,0x50,0x00,0x00,0x00,0x00,0x00,0x00,0x00,0x00,0x00,0x00,0x00,0x8
  e,0xff,0xff,0xff,0xff,0xed,0xff,0xff,0xff,0xff,0xff,0xff,0x90,0x00,0x00,0x00,0x00,0x00,0x00,0x00
  ,0x00,0x00,0x00,0x07,0xff,0xff,0xff,0xff,0xff,0xff,0xff,0xff,0xff,0xff,0xff,0xfe,0x20,0x00,0x00,
  0x00,0x00,0x00,0x00,0x00,0x00,0x00,0x00,0x3e,0xff,0xff,0xff,0xff,0xff,0xff,0xff,0xff,0xff,0xff,0
  xff,0xd3,0x00,0x00,0x00,0x00,0x00,0x00,0x00,0x00,0x00,0x00,0x00,0x8f,0xff,0xff,0xff,0xff,0xff,0x
  ff,0xff,0xff,0xff,0xff,0xf9,0x10,0x00,0x00,0x00,0x00,0x00,0x00,0x00,0x00,0x00,0x00,0x03,0xdf,0xf
  f,0xff,0xff,0xff,0xff,0xff,0xff,0xff,0xff,0xfc,0x40,0x00,0x00,0x00,0x00,0x00,0x00,0x00,0x00,0x00
  ,0x00,0x05,0xcf,0xff,0xff,0xff,0xff,0xff,0xff,0xff,0xff,0xff,0xfd,0x50,0x00,0x00,0x00,0x00,0x00,
  0x00,0x00,0x00,0x00,0x00,0x05,0xdf,0xff,0xff,0xff,0xff,0xff,0xff,0xff,0xff,0xff,0xfc,0x50,0x00,0
  x00,0x00,0x00,0x00,0x00,0x00,0x00,0x00,0x00,0x04,0xcf,0xff,0xff,0xff,0xff,0xff,0xff,0xff,0xff,0x
  ff,0xfd,0x30,0x00,0x00,0x00,0x00,0x00,0x00,0x00,0x00,0x00,0x00,0x01,0x9f,0xff,0xff,0xff,0xff,0xf
  f,0xff,0xff,0xff,0xff,0xff,0xf8,0x00,0x00,0x00,0x00,0x00,0x00,0x00,0x00,0x00,0x00,0x00,0x3d,0xff
  ,0xff,0xff,0xff,0xff,0xff,0xff,0xff,0xff,0xff,0xff,0xe3,0x00,0x00,0x00,0x00,0x00,0x00,0x00,0x00,
  0x00,0x00,0x02,0xef,0xff,0xff,0xff,0xff,0xff,0xff,0xff,0xff,0xff,0xff,0xff,0x70,0x00,0x00,0x00,0
  x00,0x00,0x00,0x00,0x00,0x00,0x00,0x09,0xff,0xff,0xff,0xff,0xff,0xff,0xde,0xff,0xff,0xff,0xff,0x
  e8,0x00,0x00,0x00,0x00,0x00,0x00,0x00,0x00,0x00,0x00,0x00,0x05,0xdf,0xff,0xff,0xec,0xa7,0x41,0x0
  5,0xcf,0xff,0xff,0xfc,0x50,0x00,0x00,0x00,0x00,0x00,0x00,0x00,0x00,0x00,0x00,0x00,0x00,0x02,0x33
  ,0x21,0x00,0x00,0x00,0x00,0x14,0x79,0x97,0x41,0x00,0x00,0x00,0x00,0x00,0x00,0x00,0x00,0x00,0x00,
  0x00,0x00,0x00,0x00,0x00,0x00,0x00,0x00,0x00,0x00,0x00,0x00,0x00,0x00,0x00,0x00,0x00,0x00,0x00,0
  x00,0x00,0x00,0x00,0x00,0x00,0x00,0x00,0x00,0x00,0x00,0x00,0x00,0x00,0x00,0x00,0x00,0x00,0x00,0x
  00,0x00,0x00,0x00,0x00,0x00,0x00,0x00,0x00,0x00,0x00,0x00,0x00,0x00,0x00,0x00,0x00,0x00,0x00,0x0
  0,0x00,0x00,0x00,0x00,0x00,0x00,0x00,0x00,0x00,0x00,0x00,0x00,0x00,0x00,0x00,0x00,0x00,0x00,0x00
  ,0x00,0x00,0x00,0x00,0x00,0x00,0x00,0x00,0x00,0x00,0x00,0x00,0x00,0x00,0x00,0x00,0x00,0x00,0x00,
  0x00,0x00,0x00,0x00,0x00,0x00,0x00,0x00,0x00,0x00,0x00,0x00,0x00,0x00,0x00,0x00,0x00,0x00,0x00,0
  x00,0x00,0x00,0x00,0x00,0x00,0x00,0x00,0x00,0x00,0x00,0x00,0x00,0x00,0x00,0x00,0x00,0x00,0x00,0x
  00,0x00,0x00,0x00,0x00,0x00,0x00,0x00,0x00,0x00,0x00,0x00,0x00,0x00,0x00,0x00,0x00,0x00,0x00,0x0
  0,0x00,0x00,0x00,0x00,0x00,0x00,0x00,0x00,0x00,0x00,0x00,0x00,0x00,0x00,0x00,0x00,0x00,0x00,0x00
  ,0x00,0x00,0x00,0x00,0x00,0x00,0x00,0x00,0x00,0x00,0x00,0x00,0x00,0x00,0x00,0x00,0x00,0x00,0x00,
  0x00,0x00,0x00,0x00,0x00,0x00,0x00,0x00,0x00,0x00,0x00,0x00,0x00,0x00,0x00,0x00,0x00,0x00,0x00,0
  x00,0x00,0x00,0x00,0x00,0x00,0x00,0x00,0x00,0x00,0x00,0x00,0x00,0x00,0x00,0x00,0x00,0x00,0x00,0x
  00,0x00,0x00,0x00,0x00,0x00,0x00,0x00,0x00,0x00,0x00,0x00,0x00,0x00,0x00,0x00,0x00,0x00,0x00,0x0
  0,0x00,0x00,0x00,0x00,0x00,0x00,0x00,0x00,0x00,0x00,0x00,0x00,0x00,0x00,0x00,0x00,0x00,0x00,0x00
  ,0x00,0x00,0x00,0x00,0x00,0x00,0x00,0x00,0x00,0x00,0x00,0x00,0x00,0x00,0x00,0x00,0x00,0x00,0x00,
  0x00,0x00,0x00,0x00,0x00,0x00,0x00,0x00,0x00,0x00,0x00,0x00,0x00,0x00,0x00,0x00,0x00,0x00,0x00,0
  x00,0x00,0x00,0x00,0x00,0x00,0x00,0x00,0x00,0x00,0x00,0x00,0x00,0x00,0x00,0x00,0x00,0x00,0x00,0x
  00,0x00,0x00,0x00,0x00,0x00,0x00,0x00,0x00,0x00,0x00,0x00,0x00,0x00,0x00,0x00,0x00,0x00,0x00,0x0
  0,0x00,0x00,0x00,0x00,0x00,0x00,0x00,0x00,0x00,0x00,0x00,0x00,0x00,0x00,0x00,0x00,0x00,0x00,0x00
  ,0x00,0x00,0x00,0x00,0x00,0x00,0x00,0x00,0x00,0x00,0x00,0x00,0x00,0x00,0x00,0x00,0x00,0x00,0x00
};

const lv_img_dsc_t dso_gal_lenticular_48 = {
  .header.cf = LV_IMG_CF_ALPHA_4BIT,
  .header.always_zero = 0,
  .header.w = 48,
  .header.h = 48,
  .data_size = 1152,
  .data = dso_gal_lenticular_48_map,
};

static const uint8_t dso_gal_irregular_48_map[] = {
  0x00,0x00,0x00,0x00,0x00,0x00,0x00,0x00,0x00,0x00,0x00,0x00,0x00,0x00,0x00,0x00,0x00,0x00,0x00,0
  x00,0x00,0x00,0x00,0x00,0x00,0x00,0x00,0x00,0x00,0x00,0x00,0x00,0x00,0x00,0x00,0x00,0x00,0x00,0x
  00,0x00,0x00,0x00,0x00,0x00,0x00,0x00,0x00,0x00,0x00,0x00,0x00,0x00,0x00,0x00,0x00,0x00,0x00,0x0
  0,0x00,0x00,0x00,0x00,0x00,0x00,0x00,0x00,0x00,0x00,0x00,0x00,0x00,0x00,0x00,0x00,0x00,0x00,0x00
  ,0x00,0x00,0x00,0x00,0x00,0x00,0x00,0x00,0x00,0x00,0x00,0x00,0x00,0x00,0x00,0x00,0x00,0x00,0x00,
  0x00,0x00,0x00,0x00,0x00,0x00,0x00,0x00,0x00,0x00,0x00,0x00,0x00,0x00,0x00,0x00,0x00,0x00,0x00,0
  x00,0x00,0x00,0x00,0x00,0x00,0x00,0x00,0x00,0x00,0x00,0x00,0x00,0x00,0x00,0x00,0x00,0x00,0x00,0x
  00,0x00,0x00,0x00,0x00,0x00,0x00,0x00,0x00,0x00,0x00,0x00,0x00,0x00,0x00,0x00,0x00,0x00,0x00,0x0
  0,0x00,0x00,0x00,0x00,0x00,0x00,0x00,0x00,0x00,0x00,0x00,0x00,0x00,0x00,0x00,0x00,0x00,0x00,0x00
  ,0x00,0x00,0x00,0x00,0x00,0x00,0x00,0x00,0x00,0x00,0x00,0x00,0x00,0x00,0x00,0x00,0x00,0x00,0x00,
  0x00,0x00,0x00,0x00,0x00,0x00,0x00,0x00,0x00,0x00,0x00,0x00,0x00,0x00,0x00,0x00,0x00,0x00,0x00,0
  x00,0x00,0x00,0x00,0x00,0x00,0x00,0x00,0x00,0x00,0x00,0x00,0x00,0x00,0x00,0x00,0x00,0x00,0x00,0x
  00,0x00,0x00,0x00,0x00,0x00,0x00,0x00,0x00,0x00,0x00,0x00,0x00,0x00,0x00,0x00,0x00,0x00,0x00,0x0
  0,0x00,0x00,0x00,0x00,0x00,0x00,0x00,0x00,0x00,0x00,0x00,0x00,0x00,0x00,0x00,0x00,0x00,0x00,0x00
  ,0x00,0x00,0x00,0x00,0x00,0x00,0x00,0x00,0x00,0x00,0x00,0x00,0x00,0x00,0x00,0x00,0x00,0x00,0x00,
  0x00,0x00,0x00,0x00,0x00,0x00,0x00,0x00,0x00,0x00,0x00,0x00,0x00,0x00,0x00,0x00,0x00,0x00,0x00,0
  x00,0x00,0x00,0x00,0x00,0x00,0x00,0x00,0x00,0x00,0x00,0x00,0x00,0x00,0x25,0x79,0x98,0x52,0x00,0x
  00,0x00,0x00,0x00,0x00,0x00,0x00,0x00,0x00,0x00,0x00,0x00,0x00,0x00,0x00,0x00,0x00,0x00,0x39,0xd
  f,0xff,0xff,0xfd,0x82,0x00,0x00,0x00,0x00,0x00,0x00,0x00,0x00,0x00,0x00,0x00,0x00,0x00,0x00,0x00
  ,0x00,0x00,0x17,0xef,0xff,0xff,0xff,0xff,0xfc,0x30,0x00,0x00,0x00,0x00,0x00,0x00,0x00,0x00,0x00,
  0x00,0x00,0x00,0x00,0x00,0x00,0x01,0x9f,0xff,0xff,0xff,0xff,0xff,0xff,0xb2,0x00,0x00,0x00,0x00,0
  x00,0x00,0x00,0x00,0x00,0x00,0x00,0x00,0x00,0x00,0x00,0x19,0xff,0xff,0xff,0xff,0xff,0xff,0xff,0x
  f7,0x00,0x00,0x00,0x00,0x00,0x00,0x00,0x00,0x00,0x00,0x00,0x00,0x00,0x00,0x00,0x5e,0xff,0xff,0xf
  f,0xff,0xff,0xff,0xff,0xfb,0x10,0x00,0x00,0x00,0x00,0x00,0x00,0x00,0x00,0x00,0x00,0x00,0x00,0x00
  ,0x01,0xbf,0xff,0xff,0xff,0xff,0xff,0xff,0xff,0xfd,0x20,0x00,0x00,0x00,0x00,0x00,0x00,0x00,0x00,
  0x00,0x00,0x00,0x00,0x00,0x04,0xef,0xff,0xff,0xff,0xff,0xff,0xff,0xff,0xfd,0x20,0x00,0x00,0x00,0
  x00,0x00,0x00,0x00,0x00,0x00,0x00,0x00,0x00,0x00,0x06,0xff,0xff,0xff,0xff,0xff,0xff,0xff,0xff,0x
  fc,0x41,0x00,0x00,0x00,0x00,0x00,0x00,0x00,0x00,0x00,0x00,0x00,0x00,0x00,0x07,0xff,0xff,0xff,0xf
  f,0xff,0xff,0xff,0xff,0xff,0xec,0x61,0x00,0x00,0x00,0x00,0x00,0x00,0x00,0x00,0x00,0x00,0x00,0x00
  ,0x05,0xff,0xff,0xff,0xff,0xff,0xff,0xff,0xff,0xff,0xff,0xfa,0x20,0x00,0x00,0x00,0x00,0x00,0x00,
  0x00,0x00,0x00,0x00,0x00,0x03,0xdf,0xff,0xff,0xff,0xff,0xff,0xff,0xff,0xff,0xff,0xff,0xa1,0x00,0
  x00,0x00,0x00,0x00,0x00,0x00,0x00,0x00,0x00,0x00,0x00,0x8f,0xff,0xff,0xff,0xff,0xff,0xff,0xff,0x
  ff,0xff,0xff,0xf6,0x00,0x00,0x00,0x00,0x00,0x00,0x00,0x00,0x00,0x00,0x00,0x00,0x2a,0xff,0xff,0xf
  f,0xff,0xff,0xff,0xff,0xff,0xff,0xff,0xfb,0x10,0x00,0x00,0x00,0x00,0x00,0x00,0x00,0x00,0x00,0x00
  ,0x00,0x02,0x9e,0xff,0xff,0xff,0xff,0xff,0xff,0xff,0xff,0xff,0xfd,0x30,0x00,0x00,0x00,0x00,0x00,
  0x00,0x00,0x00,0x00,0x00,0x00,0x00,0x04,0x8b,0xdd,0xdc,0xbf,0xff,0xff,0xff,0xff,0xff,0xfe,0x30,0
  x00,0x00,0x00,0x00,0x00,0x00,0x00,0x00,0x00,0x00,0x00,0x00,0x00,0x01,0x12,0x15,0xcf,0xff,0xff,0x
  ff,0xff,0xff,0xfd,0x20,0x00,0x00,0x00,0x00,0x00,0x00,0x00,0x00,0x00,0x00,0x00,0x00,0x00,0x00,0x0
  0,0x2d,0xff,0xff,0xff,0xff,0xff,0xff,0xf9,0x00,0x00,0x00,0x00,0x00,0x00,0x00,0x00,0x00,0x00,0x00
  ,0x00,0x00,0x00,0x00,0x00,0x6f,0xff,0xff,0xff,0xff,0xff,0xff,0xc3,0x00,0x00,0x00,0x00,0x00,0x00,
  0x00,0x00,0x00,0x00,0x00,0x00,0x00,0x00,0x00,0x00,0x6f,0xff,0xff,0xff,0xff,0xff,0xea,0x30,0x00,0
  x00,0x00,0x00,0x00,0x00,0x00,0x00,0x00,0x00,0x00,0x00,0x00,0x00,0x00,0x00,0x2d,0xff,0xff,0xff,0x
  fa,0xa8,0x41,0x00,0x00,0x00,0x00,0x00,0x00,0x00,0x00,0x00,0x00,0x00,0x00,0x00,0x00,0x00,0x00,0x0
  0,0x04,0xcf,0xff,0xfe,0x81,0x00,0x00,0x00,0x00,0x00,0x00,0x00,0x00,0x00,0x00,0x00,0x00,0x00,0x00
  ,0x00,0x00,0x00,0x00,0x00,0x00,0x15,0x88,0x63,0x00,0x00,0x00,0x00,0x00,0x00,0x00,0x00,0x00,0x00,
  0x00,0x00,0x00,0x00,0x00,0x00,0x00,0x00,0x00,0x00,0x00,0x00,0x00,0x00,0x00,0x00,0x00,0x00,0x00,0
  x00,0x00,0x00,0x00,0x00,0x00,0x00,0x00,0x00,0x00,0x00,0x00,0x00,0x00,0x00,0x00,0x00,0x00,0x00,0x
  00,0x00,0x00,0x00,0x00,0x00,0x00,0x00,0x00,0x00,0x00,0x00,0x00,0x00,0x00,0x00,0x00,0x00,0x00,0x0
  0,0x00,0x00,0x00,0x00,0x00,0x00,0x00,0x00,0x00,0x00,0x00,0x00,0x00,0x00,0x00,0x00,0x00,0x00,0x00
  ,0x00,0x00,0x00,0x00,0x00,0x00,0x00,0x00,0x00,0x00,0x00,0x00,0x00,0x00,0x00,0x00,0x00,0x00,0x00,
  0x00,0x00,0x00,0x00,0x00,0x00,0x00,0x00,0x00,0x00,0x00,0x00,0x00,0x00,0x00,0x00,0x00,0x00,0x00,0
  x00,0x00,0x00,0x00,0x00,0x00,0x00,0x00,0x00,0x00,0x00,0x00,0x00,0x00,0x00,0x00,0x00,0x00,0x00,0x
  00,0x00,0x00,0x00,0x00,0x00,0x00,0x00,0x00,0x00,0x00,0x00,0x00,0x00,0x00,0x00,0x00,0x00,0x00,0x0
  0,0x00,0x00,0x00,0x00,0x00,0x00,0x00,0x00,0x00,0x00,0x00,0x00,0x00,0x00,0x00,0x00,0x00,0x00,0x00
  ,0x00,0x00,0x00,0x00,0x00,0x00,0x00,0x00,0x00,0x00,0x00,0x00,0x00,0x00,0x00,0x00,0x00,0x00,0x00,
  0x00,0x00,0x00,0x00,0x00,0x00,0x00,0x00,0x00,0x00,0x00,0x00,0x00,0x00,0x00,0x00,0x00,0x00,0x00,0
  x00,0x00,0x00,0x00,0x00,0x00,0x00,0x00,0x00,0x00,0x00,0x00,0x00,0x00,0x00,0x00,0x00,0x00,0x00,0x
  00,0x00,0x00,0x00,0x00,0x00,0x00,0x00,0x00,0x00,0x00,0x00,0x00,0x00,0x00,0x00,0x00,0x00,0x00,0x0
  0,0x00,0x00,0x00,0x00,0x00,0x00,0x00,0x00,0x00,0x00,0x00,0x00,0x00,0x00,0x00,0x00,0x00,0x00,0x00
  ,0x00,0x00,0x00,0x00,0x00,0x00,0x00,0x00,0x00,0x00,0x00,0x00,0x00,0x00,0x00,0x00,0x00,0x00,0x00
};

const lv_img_dsc_t dso_gal_irregular_48 = {
  .header.cf = LV_IMG_CF_ALPHA_4BIT,
  .header.always_zero = 0,
  .header.w = 48,
  .header.h = 48,
  .data_size = 1152,
  .data = dso_gal_irregular_48_map,
};

static const uint8_t dso_gal_interacting_48_map[] = {
  0x00,0x00,0x00,0x00,0x00,0x00,0x00,0x00,0x00,0x00,0x00,0x00,0x00,0x00,0x00,0x00,0x00,0x00,0x00,0
  x00,0x00,0x00,0x00,0x00,0x00,0x00,0x00,0x00,0x00,0x00,0x00,0x00,0x00,0x00,0x00,0x00,0x00,0x00,0x
  00,0x00,0x00,0x00,0x00,0x00,0x00,0x00,0x00,0x00,0x00,0x00,0x00,0x00,0x00,0x00,0x00,0x00,0x00,0x0
  0,0x00,0x00,0x00,0x00,0x00,0x00,0x00,0x00,0x00,0x00,0x00,0x00,0x00,0x00,0x00,0x00,0x00,0x00,0x00
  ,0x00,0x00,0x00,0x00,0x00,0x00,0x00,0x00,0x00,0x00,0x00,0x00,0x00,0x00,0x00,0x00,0x00,0x00,0x00,
  0x00,0x00,0x00,0x00,0x00,0x00,0x00,0x00,0x00,0x00,0x00,0x00,0x00,0x00,0x00,0x00,0x00,0x00,0x00,0
  x00,0x00,0x00,0x00,0x00,0x00,0x00,0x00,0x00,0x00,0x00,0x00,0x00,0x00,0x00,0x00,0x00,0x00,0x00,0x
  00,0x00,0x00,0x00,0x00,0x00,0x00,0x00,0x00,0x00,0x00,0x00,0x00,0x00,0x00,0x00,0x00,0x00,0x00,0x0
  0,0x00,0x00,0x00,0x00,0x00,0x00,0x00,0x00,0x00,0x00,0x00,0x00,0x00,0x00,0x00,0x00,0x00,0x00,0x00
  ,0x00,0x00,0x00,0x00,0x00,0x00,0x00,0x00,0x00,0x00,0x00,0x00,0x00,0x00,0x00,0x00,0x00,0x00,0x00,
  0x00,0x00,0x00,0x00,0x00,0x00,0x00,0x00,0x00,0x00,0x00,0x00,0x00,0x00,0x00,0x00,0x00,0x00,0x00,0
  x00,0x00,0x00,0x00,0x00,0x00,0x00,0x00,0x00,0x00,0x00,0x00,0x00,0x00,0x00,0x00,0x00,0x00,0x00,0x
  00,0x00,0x00,0x00,0x00,0x00,0x00,0x00,0x00,0x00,0x00,0x00,0x00,0x00,0x00,0x00,0x00,0x00,0x00,0x0
  0,0x00,0x00,0x00,0x00,0x00,0x00,0x00,0x00,0x00,0x00,0x00,0x00,0x00,0x00,0x00,0x00,0x00,0x00,0x00
  ,0x00,0x00,0x00,0x12,0x22,0x21,0x00,0x00,0x00,0x00,0x00,0x00,0x00,0x00,0x00,0x00,0x00,0x00,0x00,
  0x00,0x00,0x00,0x00,0x00,0x00,0x01,0x48,0xbd,0xdd,0xca,0x51,0x00,0x00,0x00,0x00,0x00,0x00,0x00,0
  x00,0x00,0x00,0x00,0x00,0x00,0x00,0x00,0x00,0x00,0x01,0x5b,0xef,0xff,0xff,0xff,0xe9,0x20,0x00,0x
  00,0x00,0x00,0x00,0x00,0x00,0x00,0x00,0x00,0x00,0x00,0x00,0x00,0x00,0x00,0x3a,0xff,0xff,0xff,0xf
  f,0xff,0xfe,0x81,0x00,0x00,0x00,0x00,0x00,0x00,0x00,0x00,0x00,0x00,0x00,0x00,0x00,0x00,0x00,0x04
  ,0xcf,0xff,0xff,0xff,0xff,0xff,0xff,0xc3,0x00,0x00,0x00,0x00,0x00,0x00,0x00,0x00,0x00,0x00,0x00,
  0x00,0x00,0x00,0x00,0x4d,0xff,0xff,0xff,0xff,0xff,0xff,0xff,0xe4,0x00,0x00,0x00,0x00,0x00,0x00,0
  x00,0x00,0x00,0x00,0x00,0x00,0x00,0x00,0x02,0xbf,0xff,0xff,0xff,0xff,0xff,0xff,0xff,0xd3,0x00,0x
  00,0x00,0x00,0x00,0x00,0x00,0x00,0x00,0x00,0x00,0x00,0x00,0x00,0x07,0xff,0xff,0xff,0xff,0xff,0xf
  f,0xff,0xff,0xc2,0x00,0x00,0x00,0x00,0x00,0x00,0x00,0x00,0x00,0x00,0x00,0x00,0x00,0x00,0x2c,0xff
  ,0xff,0xff,0xff,0xff,0xff,0xff,0xff,0x70,0x00,0x00,0x00,0x00,0x00,0x00,0x00,0x00,0x00,0x00,0x00,
  0x00,0x00,0x00,0x3d,0xff,0xff,0xff,0xff,0xff,0xff,0xff,0xfb,0x20,0x00,0x00,0x00,0x00,0x00,0x00,0
  x00,0x00,0x00,0x00,0x00,0x00,0x00,0x00,0x4e,0xff,0xff,0xff,0xff,0xff,0xff,0xff,0xd4,0x00,0x00,0x
  00,0x00,0x00,0x00,0x00,0x00,0x00,0x00,0x00,0x00,0x00,0x00,0x00,0x3c,0xff,0xff,0xff,0xff,0xff,0xf
  f,0xfe,0xb5,0x10,0x00,0x00,0x00,0x00,0x00,0x00,0x00,0x00,0x00,0x00,0x00,0x00,0x00,0x00,0x18,0xef
  ,0xff,0xff,0xff,0xff,0xff,0xbc,0xdd,0xa3,0x00,0x00,0x00,0x00,0x00,0x00,0x00,0x00,0x00,0x00,0x00,
  0x00,0x00,0x00,0x02,0x9e,0xff,0xff,0xff,0xfe,0xb5,0x12,0x8c,0xdc,0x82,0x00,0x00,0x12,0x45,0x42,0
  x00,0x00,0x00,0x00,0x00,0x00,0x00,0x00,0x00,0x15,0xac,0xdd,0xdb,0x84,0x10,0x00,0x04,0xad,0xdc,0x
  61,0x27,0xbe,0xff,0xec,0x82,0x00,0x00,0x00,0x00,0x00,0x00,0x00,0x00,0x00,0x12,0x22,0x21,0x00,0x0
  0,0x00,0x00,0x16,0xbd,0xd9,0xcf,0xff,0xff,0xff,0xe8,0x10,0x00,0x00,0x00,0x00,0x00,0x00,0x00,0x00
  ,0x00,0x00,0x00,0x00,0x00,0x00,0x00,0x00,0x28,0xce,0xff,0xff,0xff,0xff,0xfc,0x30,0x00,0x00,0x00,
  0x00,0x00,0x00,0x00,0x00,0x00,0x00,0x00,0x00,0x00,0x00,0x00,0x00,0x07,0xef,0xff,0xff,0xff,0xff,0
  xfd,0x30,0x00,0x00,0x00,0x00,0x00,0x00,0x00,0x00,0x00,0x00,0x00,0x00,0x00,0x00,0x00,0x00,0x3d,0x
  ff,0xff,0xff,0xff,0xff,0xfc,0x20,0x00,0x00,0x00,0x00,0x00,0x00,0x00,0x00,0x00,0x00,0x00,0x00,0x0
  0,0x00,0x00,0x00,0x8f,0xff,0xff,0xff,0xff,0xff,0xf7,0x00,0x00,0x00,0x00,0x00,0x00,0x00,0x00,0x00
  ,0x00,0x00,0x00,0x00,0x00,0x00,0x00,0x01,0xaf,0xff,0xff,0xff,0xff,0xff,0xb2,0x00,0x00,0x00,0x00,
  0x00,0x00,0x00,0x00,0x00,0x00,0x00,0x00,0x00,0x00,0x00,0x00,0x01,0x9f,0xff,0xff,0xff,0xff,0xfb,0
  x20,0x00,0x00,0x00,0x00,0x00,0x00,0x00,0x00,0x00,0x00,0x00,0x00,0x00,0x00,0x00,0x00,0x00,0x5d,0x
  ff,0xff,0xff,0xfe,0x92,0x00,0x00,0x00,0x00,0x00,0x00,0x00,0x00,0x00,0x00,0x00,0x00,0x00,0x00,0x0
  0,0x00,0x00,0x00,0x05,0xbe,0xff,0xed,0x93,0x00,0x00,0x00,0x00,0x00,0x00,0x00,0x00,0x00,0x00,0x00
  ,0x00,0x00,0x00,0x00,0x00,0x00,0x00,0x00,0x00,0x13,0x54,0x31,0x00,0x00,0x00,0x00,0x00,0x00,0x00,
  0x00,0x00,0x00,0x00,0x00,0x00,0x00,0x00,0x00,0x00,0x00,0x00,0x00,0x00,0x00,0x00,0x00,0x00,0x00,0
  x00,0x00,0x00,0x00,0x00,0x00,0x00,0x00,0x00,0x00,0x00,0x00,0x00,0x00,0x00,0x00,0x00,0x00,0x00,0x
  00,0x00,0x00,0x00,0x00,0x00,0x00,0x00,0x00,0x00,0x00,0x00,0x00,0x00,0x00,0x00,0x00,0x00,0x00,0x0
  0,0x00,0x00,0x00,0x00,0x00,0x00,0x00,0x00,0x00,0x00,0x00,0x00,0x00,0x00,0x00,0x00,0x00,0x00,0x00
  ,0x00,0x00,0x00,0x00,0x00,0x00,0x00,0x00,0x00,0x00,0x00,0x00,0x00,0x00,0x00,0x00,0x00,0x00,0x00,
  0x00,0x00,0x00,0x00,0x00,0x00,0x00,0x00,0x00,0x00,0x00,0x00,0x00,0x00,0x00,0x00,0x00,0x00,0x00,0
  x00,0x00,0x00,0x00,0x00,0x00,0x00,0x00,0x00,0x00,0x00,0x00,0x00,0x00,0x00,0x00,0x00,0x00,0x00,0x
  00,0x00,0x00,0x00,0x00,0x00,0x00,0x00,0x00,0x00,0x00,0x00,0x00,0x00,0x00,0x00,0x00,0x00,0x00,0x0
  0,0x00,0x00,0x00,0x00,0x00,0x00,0x00,0x00,0x00,0x00,0x00,0x00,0x00,0x00,0x00,0x00,0x00,0x00,0x00
  ,0x00,0x00,0x00,0x00,0x00,0x00,0x00,0x00,0x00,0x00,0x00,0x00,0x00,0x00,0x00,0x00,0x00,0x00,0x00,
  0x00,0x00,0x00,0x00,0x00,0x00,0x00,0x00,0x00,0x00,0x00,0x00,0x00,0x00,0x00,0x00,0x00,0x00,0x00,0
  x00,0x00,0x00,0x00,0x00,0x00,0x00,0x00,0x00,0x00,0x00,0x00,0x00,0x00,0x00,0x00,0x00,0x00,0x00,0x
  00,0x00,0x00,0x00,0x00,0x00,0x00,0x00,0x00,0x00,0x00,0x00,0x00,0x00,0x00,0x00,0x00,0x00,0x00,0x0
  0,0x00,0x00,0x00,0x00,0x00,0x00,0x00,0x00,0x00,0x00,0x00,0x00,0x00,0x00,0x00,0x00,0x00,0x00,0x00
  ,0x00,0x00,0x00,0x00,0x00,0x00,0x00,0x00,0x00,0x00,0x00,0x00,0x00,0x00,0x00,0x00,0x00,0x00,0x00
};

const lv_img_dsc_t dso_gal_interacting_48 = {
  .header.cf = LV_IMG_CF_ALPHA_4BIT,
  .header.always_zero = 0,
  .header.w = 48,
  .header.h = 48,
  .data_size = 1152,
  .data = dso_gal_interacting_48_map,
};

static const uint8_t dso_gal_cluster_48_map[] = {
  0x00,0x00,0x00,0x00,0x00,0x00,0x00,0x00,0x00,0x00,0x00,0x00,0x00,0x00,0x00,0x00,0x00,0x00,0x00,0
  x00,0x00,0x00,0x00,0x00,0x00,0x00,0x00,0x00,0x00,0x00,0x00,0x00,0x00,0x00,0x00,0x00,0x00,0x00,0x
  00,0x00,0x00,0x00,0x00,0x00,0x00,0x00,0x00,0x00,0x00,0x00,0x00,0x00,0x00,0x00,0x00,0x00,0x00,0x0
  0,0x00,0x00,0x00,0x00,0x00,0x00,0x00,0x00,0x00,0x00,0x00,0x00,0x00,0x00,0x00,0x00,0x00,0x00,0x00
  ,0x00,0x00,0x00,0x00,0x00,0x00,0x00,0x00,0x00,0x00,0x00,0x00,0x00,0x00,0x00,0x00,0x00,0x00,0x00,
  0x00,0x00,0x00,0x00,0x00,0x00,0x00,0x00,0x00,0x00,0x00,0x00,0x00,0x00,0x00,0x00,0x00,0x00,0x00,0
  x00,0x00,0x00,0x00,0x00,0x00,0x00,0x00,0x00,0x00,0x00,0x00,0x00,0x00,0x00,0x00,0x00,0x00,0x00,0x
  00,0x00,0x00,0x00,0x00,0x00,0x00,0x00,0x00,0x00,0x00,0x00,0x00,0x00,0x00,0x00,0x00,0x00,0x00,0x0
  0,0x00,0x00,0x00,0x00,0x00,0x00,0x00,0x00,0x00,0x00,0x00,0x00,0x00,0x00,0x00,0x00,0x00,0x00,0x00
  ,0x00,0x00,0x00,0x00,0x00,0x00,0x00,0x00,0x00,0x00,0x00,0x00,0x00,0x00,0x00,0x00,0x00,0x00,0x00,
  0x00,0x00,0x00,0x00,0x00,0x00,0x00,0x00,0x00,0x00,0x00,0x00,0x00,0x00,0x00,0x00,0x00,0x00,0x00,0
  x00,0x00,0x00,0x00,0x00,0x00,0x00,0x00,0x00,0x00,0x00,0x00,0x00,0x00,0x00,0x00,0x00,0x00,0x00,0x
  00,0x00,0x00,0x00,0x00,0x00,0x00,0x00,0x00,0x00,0x00,0x00,0x00,0x00,0x00,0x00,0x00,0x00,0x00,0x0
  0,0x00,0x00,0x00,0x00,0x00,0x00,0x00,0x00,0x00,0x00,0x00,0x00,0x00,0x00,0x00,0x00,0x00,0x00,0x00
  ,0x00,0x00,0x01,0x00,0x00,0x00,0x00,0x00,0x00,0x12,0x21,0x00,0x00,0x00,0x00,0x00,0x00,0x00,0x00,
  0x00,0x00,0x00,0x00,0x00,0x00,0x27,0xbc,0xb8,0x20,0x00,0x00,0x00,0x05,0xbe,0xed,0x93,0x00,0x00,0
  x00,0x00,0x00,0x00,0x00,0x00,0x00,0x00,0x00,0x00,0x18,0xef,0xff,0xff,0xa1,0x00,0x00,0x00,0x2c,0x
  ff,0xff,0xfd,0x50,0x00,0x00,0x00,0x00,0x00,0x00,0x00,0x00,0x00,0x00,0x01,0xaf,0xff,0xff,0xff,0xd
  3,0x00,0x00,0x00,0x3d,0xff,0xff,0xff,0xc2,0x00,0x00,0x00,0x00,0x00,0x00,0x00,0x00,0x00,0x00,0x08
  ,0xff,0xff,0xff,0xff,0xd2,0x00,0x00,0x00,0x1a,0xff,0xff,0xff,0xd3,0x00,0x00,0x00,0x00,0x00,0x00,
  0x00,0x00,0x00,0x00,0x2d,0xff,0xff,0xff,0xff,0x80,0x00,0x00,0x00,0x02,0xaf,0xff,0xff,0xa1,0x00,0
  x00,0x00,0x00,0x00,0x00,0x00,0x00,0x00,0x00,0x3d,0xff,0xff,0xff,0xfa,0x10,0x00,0x00,0x00,0x00,0x
  14,0x8a,0xa6,0x20,0x00,0x00,0x00,0x00,0x00,0x00,0x00,0x00,0x00,0x00,0x1a,0xff,0xff,0xfe,0x81,0x0
  0,0x00,0x00,0x00,0x00,0x00,0x00,0x00,0x00,0x00,0x00,0x00,0x00,0x00,0x00,0x00,0x00,0x00,0x00,0x02
  ,0x8b,0xcb,0x72,0x00,0x00,0x00,0x00,0x00,0x00,0x00,0x00,0x00,0x00,0x00,0x00,0x00,0x00,0x00,0x00,
  0x00,0x00,0x00,0x00,0x00,0x00,0x10,0x00,0x00,0x00,0x00,0x00,0x00,0x00,0x00,0x00,0x00,0x00,0x00,0
  x00,0x00,0x00,0x00,0x00,0x00,0x00,0x00,0x00,0x00,0x00,0x00,0x00,0x00,0x00,0x00,0x00,0x00,0x00,0x
  00,0x00,0x00,0x00,0x00,0x00,0x00,0x00,0x00,0x00,0x00,0x00,0x00,0x00,0x00,0x00,0x00,0x00,0x00,0x0
  0,0x00,0x15,0x87,0x30,0x00,0x00,0x00,0x00,0x00,0x00,0x00,0x00,0x00,0x00,0x00,0x00,0x00,0x00,0x00
  ,0x00,0x00,0x00,0x00,0x00,0x05,0xdf,0xff,0xc3,0x00,0x00,0x00,0x00,0x00,0x00,0x00,0x00,0x00,0x00,
  0x00,0x00,0x00,0x00,0x00,0x00,0x00,0x00,0x00,0x00,0x7e,0xff,0xff,0xf6,0x00,0x00,0x00,0x00,0x00,0
  x00,0x00,0x00,0x00,0x00,0x00,0x00,0x00,0x00,0x00,0x00,0x00,0x00,0x00,0x04,0xef,0xff,0xff,0xf5,0x
  00,0x00,0x00,0x00,0x00,0x00,0x00,0x00,0x00,0x00,0x00,0x00,0x00,0x00,0x00,0x00,0x00,0x00,0x00,0x0
  a,0xff,0xff,0xff,0xd2,0x00,0x00,0x00,0x00,0x00,0x00,0x00,0x00,0x00,0x00,0x00,0x00,0x00,0x00,0x00
  ,0x00,0x00,0x00,0x00,0x2d,0xff,0xff,0xff,0x70,0x00,0x00,0x00,0x00,0x00,0x00,0x00,0x00,0x00,0x00,
  0x00,0x00,0x00,0x00,0x00,0x00,0x00,0x00,0x00,0x2c,0xff,0xff,0xf9,0x10,0x00,0x01,0x48,0xa9,0x51,0
  x00,0x00,0x00,0x00,0x00,0x00,0x00,0x00,0x00,0x00,0x13,0x31,0x00,0x00,0x07,0xef,0xfd,0x61,0x00,0x
  00,0x2a,0xff,0xff,0xe7,0x00,0x00,0x00,0x00,0x00,0x00,0x00,0x00,0x00,0x01,0x8e,0xec,0x60,0x00,0x0
  1,0x35,0x41,0x00,0x00,0x00,0x9f,0xff,0xff,0xfa,0x10,0x00,0x00,0x00,0x00,0x00,0x00,0x00,0x00,0x02
  ,0xcf,0xff,0xf8,0x00,0x00,0x00,0x00,0x00,0x00,0x01,0xaf,0xff,0xff,0xe6,0x00,0x00,0x00,0x00,0x00,
  0x00,0x00,0x00,0x00,0x00,0xaf,0xff,0xfe,0x30,0x00,0x00,0x00,0x00,0x00,0x00,0x4c,0xef,0xec,0x60,0
  x00,0x00,0x00,0x00,0x00,0x00,0x00,0x00,0x00,0x00,0x2c,0xff,0xfe,0x50,0x00,0x00,0x00,0x00,0x00,0x
  00,0x01,0x34,0x31,0x00,0x00,0x00,0x00,0x00,0x00,0x00,0x00,0x00,0x00,0x00,0x02,0x8c,0xd9,0x20,0x0
  0,0x00,0x00,0x00,0x00,0x00,0x00,0x00,0x00,0x00,0x00,0x00,0x00,0x00,0x00,0x00,0x00,0x00,0x00,0x00
  ,0x00,0x01,0x11,0x00,0x00,0x00,0x00,0x00,0x00,0x00,0x00,0x00,0x00,0x00,0x00,0x00,0x00,0x00,0x00,
  0x00,0x00,0x00,0x00,0x00,0x00,0x00,0x00,0x00,0x00,0x00,0x00,0x00,0x00,0x00,0x00,0x00,0x00,0x00,0
  x00,0x00,0x00,0x00,0x00,0x00,0x00,0x00,0x00,0x00,0x00,0x00,0x00,0x00,0x00,0x00,0x00,0x00,0x00,0x
  00,0x00,0x00,0x00,0x00,0x00,0x00,0x00,0x00,0x00,0x00,0x00,0x00,0x00,0x00,0x00,0x00,0x00,0x00,0x0
  0,0x00,0x00,0x00,0x00,0x00,0x00,0x00,0x00,0x00,0x00,0x00,0x00,0x00,0x00,0x00,0x00,0x00,0x00,0x00
  ,0x00,0x00,0x00,0x00,0x00,0x00,0x00,0x00,0x00,0x00,0x00,0x00,0x00,0x00,0x00,0x00,0x00,0x00,0x00,
  0x00,0x00,0x00,0x00,0x00,0x00,0x00,0x00,0x00,0x00,0x00,0x00,0x00,0x00,0x00,0x00,0x00,0x00,0x00,0
  x00,0x00,0x00,0x00,0x00,0x00,0x00,0x00,0x00,0x00,0x00,0x00,0x00,0x00,0x00,0x00,0x00,0x00,0x00,0x
  00,0x00,0x00,0x00,0x00,0x00,0x00,0x00,0x00,0x00,0x00,0x00,0x00,0x00,0x00,0x00,0x00,0x00,0x00,0x0
  0,0x00,0x00,0x00,0x00,0x00,0x00,0x00,0x00,0x00,0x00,0x00,0x00,0x00,0x00,0x00,0x00,0x00,0x00,0x00
  ,0x00,0x00,0x00,0x00,0x00,0x00,0x00,0x00,0x00,0x00,0x00,0x00,0x00,0x00,0x00,0x00,0x00,0x00,0x00,
  0x00,0x00,0x00,0x00,0x00,0x00,0x00,0x00,0x00,0x00,0x00,0x00,0x00,0x00,0x00,0x00,0x00,0x00,0x00,0
  x00,0x00,0x00,0x00,0x00,0x00,0x00,0x00,0x00,0x00,0x00,0x00,0x00,0x00,0x00,0x00,0x00,0x00,0x00,0x
  00,0x00,0x00,0x00,0x00,0x00,0x00,0x00,0x00,0x00,0x00,0x00,0x00,0x00,0x00,0x00,0x00,0x00,0x00,0x0
  0,0x00,0x00,0x00,0x00,0x00,0x00,0x00,0x00,0x00,0x00,0x00,0x00,0x00,0x00,0x00,0x00,0x00,0x00,0x00
  ,0x00,0x00,0x00,0x00,0x00,0x00,0x00,0x00,0x00,0x00,0x00,0x00,0x00,0x00,0x00,0x00,0x00,0x00,0x00
};

const lv_img_dsc_t dso_gal_cluster_48 = {
  .header.cf = LV_IMG_CF_ALPHA_4BIT,
  .header.always_zero = 0,
  .header.w = 48,
  .header.h = 48,
  .data_size = 1152,
  .data = dso_gal_cluster_48_map,
};

static const uint8_t dso_neb_emission_48_map[] = {
  0x00,0x00,0x00,0x00,0x00,0x00,0x00,0x00,0x00,0x00,0x00,0x00,0x00,0x00,0x00,0x00,0x00,0x00,0x00,0
  x00,0x00,0x00,0x00,0x00,0x00,0x00,0x00,0x00,0x00,0x00,0x00,0x00,0x00,0x00,0x00,0x00,0x00,0x00,0x
  00,0x00,0x00,0x00,0x00,0x00,0x00,0x00,0x00,0x00,0x00,0x00,0x00,0x00,0x00,0x00,0x00,0x00,0x00,0x0
  0,0x00,0x00,0x00,0x00,0x00,0x00,0x00,0x00,0x00,0x00,0x00,0x00,0x00,0x00,0x00,0x00,0x00,0x00,0x00
  ,0x00,0x00,0x00,0x00,0x00,0x00,0x00,0x00,0x00,0x00,0x00,0x00,0x00,0x00,0x00,0x00,0x00,0x00,0x00,
  0x00,0x00,0x00,0x00,0x00,0x00,0x00,0x00,0x00,0x00,0x00,0x00,0x00,0x00,0x00,0x00,0x00,0x00,0x00,0
  x00,0x00,0x00,0x00,0x00,0x00,0x00,0x00,0x00,0x00,0x00,0x00,0x00,0x00,0x00,0x00,0x00,0x00,0x00,0x
  00,0x00,0x00,0x00,0x00,0x00,0x00,0x00,0x00,0x00,0x00,0x00,0x00,0x00,0x00,0x00,0x00,0x00,0x00,0x0
  0,0x00,0x00,0x00,0x00,0x00,0x00,0x00,0x00,0x00,0x00,0x00,0x00,0x00,0x00,0x00,0x00,0x00,0x00,0x00
  ,0x00,0x00,0x00,0x00,0x02,0x47,0x9a,0xa9,0x74,0x20,0x00,0x00,0x00,0x00,0x00,0x00,0x00,0x00,0x00,
  0x00,0x00,0x00,0x00,0x00,0x00,0x00,0x00,0x03,0x8d,0xef,0xff,0xff,0xfe,0xd8,0x30,0x00,0x00,0x00,0
  x00,0x00,0x00,0x00,0x00,0x00,0x00,0x00,0x00,0x00,0x00,0x00,0x01,0x6d,0xff,0xff,0xff,0xff,0xff,0x
  ff,0xd6,0x10,0x00,0x00,0x00,0x00,0x00,0x00,0x00,0x00,0x00,0x00,0x00,0x00,0x00,0x00,0x17,0xef,0xf
  f,0xff,0xff,0xff,0xff,0xff,0xfe,0x71,0x00,0x00,0x00,0x00,0x00,0x00,0x00,0x00,0x00,0x00,0x00,0x00
  ,0x00,0x00,0x6e,0xff,0xff,0xff,0xff,0xff,0xff,0xff,0xff,0xe6,0x00,0x00,0x00,0x00,0x00,0x00,0x00,
  0x00,0x00,0x00,0x00,0x00,0x00,0x02,0xcf,0xff,0xff,0xff,0xff,0xff,0xff,0xff,0xff,0xfc,0x20,0x00,0
  x00,0x00,0x00,0x00,0x00,0x00,0x00,0x00,0x00,0x00,0x00,0x05,0xef,0xff,0xff,0xff,0xff,0xff,0xff,0x
  ff,0xff,0xfe,0x50,0x00,0x00,0x00,0x00,0x00,0x00,0x00,0x00,0x00,0x00,0x00,0x00,0x08,0xff,0xff,0xf
  f,0xff,0xff,0xff,0xff,0xff,0xff,0xff,0x80,0x00,0x00,0x00,0x00,0x00,0x00,0x00,0x00,0x00,0x00,0x00
  ,0x00,0x08,0xff,0xff,0xff,0xff,0xff,0xff,0xff,0xff,0xff,0xff,0x80,0x00,0x00,0x00,0x00,0x00,0x00,
  0x00,0x00,0x00,0x00,0x00,0x00,0x06,0xff,0xff,0xff,0xff,0xff,0xff,0xff,0xff,0xff,0xff,0x60,0x00,0
  x00,0x00,0x00,0x00,0x00,0x00,0x00,0x00,0x00,0x00,0x00,0x03,0xdf,0xff,0xff,0xff,0xff,0xff,0xff,0x
  ff,0xff,0xfd,0x30,0x00,0x00,0x00,0x00,0x00,0x00,0x00,0x00,0x00,0x00,0x00,0x00,0x01,0x8f,0xff,0xf
  f,0xff,0xff,0xff,0xff,0xff,0xff,0xf8,0x10,0x00,0x00,0x00,0x00,0x00,0x00,0x00,0x00,0x00,0x00,0x00
  ,0x00,0x00,0x2b,0xff,0xff,0xff,0xff,0xff,0xff,0xff,0xff,0xb2,0x00,0x00,0x00,0x00,0x00,0x00,0x00,
  0x00,0x00,0x00,0x00,0x00,0x00,0x00,0x02,0xaf,0xff,0xff,0xff,0xff,0xff,0xff,0xfa,0x20,0x00,0x00,0
  x00,0x00,0x00,0x00,0x00,0x00,0x00,0x00,0x00,0x00,0x00,0x00,0x00,0x17,0xcf,0xff,0xff,0xff,0xff,0x
  fc,0x71,0x00,0x00,0x00,0x00,0x00,0x00,0x00,0x00,0x00,0x00,0x00,0x00,0x00,0x00,0x00,0x00,0x00,0x2
  6,0xcf,0xff,0xff,0xfc,0x62,0x00,0x00,0x00,0x00,0x00,0x00,0x00,0x00,0x00,0x00,0x00,0x00,0x00,0x00
  ,0x00,0x00,0x00,0x00,0x01,0xbf,0xff,0xff,0xfb,0x10,0x00,0x00,0x00,0x00,0x00,0x00,0x00,0x00,0x00,
  0x00,0x00,0x00,0x00,0x00,0x00,0x00,0x00,0x00,0x01,0xbf,0xff,0xff,0xfb,0x10,0x00,0x00,0x00,0x00,0
  x00,0x00,0x00,0x00,0x00,0x00,0x00,0x00,0x00,0x00,0x00,0x00,0x00,0x00,0x26,0xcf,0xff,0xff,0xfc,0x
  62,0x00,0x00,0x00,0x00,0x00,0x00,0x00,0x00,0x00,0x00,0x00,0x00,0x00,0x00,0x00,0x00,0x00,0x17,0xc
  f,0xff,0xff,0xff,0xff,0xfc,0x71,0x00,0x00,0x00,0x00,0x00,0x00,0x00,0x00,0x00,0x00,0x00,0x00,0x00
  ,0x00,0x00,0x02,0xaf,0xff,0xff,0xff,0xff,0xff,0xff,0xfa,0x20,0x00,0x00,0x00,0x00,0x00,0x00,0x00,
  0x00,0x00,0x00,0x00,0x00,0x00,0x00,0x2b,0xff,0xff,0xff,0xff,0xff,0xff,0xff,0xff,0xb2,0x00,0x00,0
  x00,0x00,0x00,0x00,0x00,0x00,0x00,0x00,0x00,0x00,0x00,0x01,0x8f,0xff,0xff,0xff,0xff,0xff,0xff,0x
  ff,0xff,0xf8,0x10,0x00,0x00,0x00,0x00,0x00,0x00,0x00,0x00,0x00,0x00,0x00,0x00,0x03,0xdf,0xff,0xf
  f,0xff,0xff,0xff,0xff,0xff,0xff,0xfd,0x30,0x00,0x00,0x00,0x00,0x00,0x00,0x00,0x00,0x00,0x00,0x00
  ,0x00,0x06,0xff,0xff,0xff,0xff,0xff,0xff,0xff,0xff,0xff,0xff,0x60,0x00,0x00,0x00,0x00,0x00,0x00,
  0x00,0x00,0x00,0x00,0x00,0x00,0x08,0xff,0xff,0xff,0xff,0xff,0xff,0xff,0xff,0xff,0xff,0x80,0x00,0
  x00,0x00,0x00,0x00,0x00,0x00,0x00,0x00,0x00,0x00,0x00,0x08,0xff,0xff,0xff,0xff,0xff,0xff,0xff,0x
  ff,0xff,0xff,0x80,0x00,0x00,0x00,0x00,0x00,0x00,0x00,0x00,0x00,0x00,0x00,0x00,0x05,0xef,0xff,0xf
  f,0xff,0xff,0xff,0xff,0xff,0xff,0xfe,0x50,0x00,0x00,0x00,0x00,0x00,0x00,0x00,0x00,0x00,0x00,0x00
  ,0x00,0x02,0xcf,0xff,0xff,0xff,0xff,0xff,0xff,0xff,0xff,0xfc,0x20,0x00,0x00,0x00,0x00,0x00,0x00,
  0x00,0x00,0x00,0x00,0x00,0x00,0x00,0x6e,0xff,0xff,0xff,0xff,0xff,0xff,0xff,0xff,0xe6,0x00,0x00,0
  x00,0x00,0x00,0x00,0x00,0x00,0x00,0x00,0x00,0x00,0x00,0x00,0x17,0xef,0xff,0xff,0xff,0xff,0xff,0x
  ff,0xfe,0x71,0x00,0x00,0x00,0x00,0x00,0x00,0x00,0x00,0x00,0x00,0x00,0x00,0x00,0x00,0x01,0x6d,0xf
  f,0xff,0xff,0xff,0xff,0xff,0xd6,0x10,0x00,0x00,0x00,0x00,0x00,0x00,0x00,0x00,0x00,0x00,0x00,0x00
  ,0x00,0x00,0x00,0x03,0x8d,0xef,0xff,0xff,0xfe,0xd8,0x30,0x00,0x00,0x00,0x00,0x00,0x00,0x00,0x00,
  0x00,0x00,0x00,0x00,0x00,0x00,0x00,0x00,0x00,0x02,0x47,0x9a,0xa9,0x74,0x20,0x00,0x00,0x00,0x00,0
  x00,0x00,0x00,0x00,0x00,0x00,0x00,0x00,0x00,0x00,0x00,0x00,0x00,0x00,0x00,0x00,0x00,0x00,0x00,0x
  00,0x00,0x00,0x00,0x00,0x00,0x00,0x00,0x00,0x00,0x00,0x00,0x00,0x00,0x00,0x00,0x00,0x00,0x00,0x0
  0,0x00,0x00,0x00,0x00,0x00,0x00,0x00,0x00,0x00,0x00,0x00,0x00,0x00,0x00,0x00,0x00,0x00,0x00,0x00
  ,0x00,0x00,0x00,0x00,0x00,0x00,0x00,0x00,0x00,0x00,0x00,0x00,0x00,0x00,0x00,0x00,0x00,0x00,0x00,
  0x00,0x00,0x00,0x00,0x00,0x00,0x00,0x00,0x00,0x00,0x00,0x00,0x00,0x00,0x00,0x00,0x00,0x00,0x00,0
  x00,0x00,0x00,0x00,0x00,0x00,0x00,0x00,0x00,0x00,0x00,0x00,0x00,0x00,0x00,0x00,0x00,0x00,0x00,0x
  00,0x00,0x00,0x00,0x00,0x00,0x00,0x00,0x00,0x00,0x00,0x00,0x00,0x00,0x00,0x00,0x00,0x00,0x00,0x0
  0,0x00,0x00,0x00,0x00,0x00,0x00,0x00,0x00,0x00,0x00,0x00,0x00,0x00,0x00,0x00,0x00,0x00,0x00,0x00
  ,0x00,0x00,0x00,0x00,0x00,0x00,0x00,0x00,0x00,0x00,0x00,0x00,0x00,0x00,0x00,0x00,0x00,0x00,0x00
};

const lv_img_dsc_t dso_neb_emission_48 = {
  .header.cf = LV_IMG_CF_ALPHA_4BIT,
  .header.always_zero = 0,
  .header.w = 48,
  .header.h = 48,
  .data_size = 1152,
  .data = dso_neb_emission_48_map,
};

static const uint8_t dso_neb_reflection_48_map[] = {
  0x00,0x00,0x00,0x00,0x00,0x00,0x00,0x00,0x00,0x00,0x00,0x00,0x00,0x00,0x00,0x00,0x00,0x00,0x00,0
  x00,0x00,0x00,0x00,0x00,0x00,0x00,0x00,0x00,0x00,0x00,0x00,0x00,0x00,0x00,0x00,0x00,0x00,0x00,0x
  00,0x00,0x00,0x00,0x00,0x00,0x00,0x00,0x00,0x00,0x00,0x00,0x00,0x00,0x00,0x00,0x00,0x00,0x00,0x0
  0,0x00,0x1b,0xb1,0x00,0x00,0x00,0x00,0x00,0x00,0x00,0x00,0x00,0x00,0x00,0x00,0x00,0x00,0x00,0x00
  ,0x00,0x00,0x00,0x00,0x00,0x00,0x3f,0xf3,0x00,0x00,0x00,0x00,0x00,0x00,0x00,0x00,0x00,0x00,0x00,
  0x00,0x00,0x00,0x00,0x00,0x00,0x00,0x00,0x00,0x00,0x00,0x3f,0xf3,0x00,0x00,0x00,0x00,0x00,0x00,0
  x00,0x00,0x00,0x00,0x00,0x00,0x00,0x00,0x00,0x00,0x00,0x00,0x00,0x00,0x00,0x00,0x3f,0xf3,0x00,0x
  00,0x00,0x00,0x00,0x00,0x00,0x00,0x00,0x00,0x00,0x00,0x00,0x00,0x00,0x00,0x00,0x00,0x00,0x00,0x0
  0,0x00,0x3f,0xf3,0x00,0x00,0x00,0x00,0x00,0x00,0x00,0x00,0x00,0x00,0x00,0x00,0x00,0x00,0x00,0x00
  ,0x00,0x00,0x00,0x00,0x00,0x00,0x3f,0xf3,0x00,0x00,0x00,0x00,0x00,0x00,0x00,0x00,0x00,0x00,0x00,
  0x00,0x00,0x00,0x00,0x00,0x00,0x00,0x00,0x00,0x00,0x00,0x3f,0xf3,0x00,0x00,0x00,0x00,0x00,0x00,0
  x00,0x00,0x00,0x00,0x00,0x00,0x00,0x00,0x00,0x00,0x00,0x00,0x00,0x00,0x00,0x00,0x3f,0xf3,0x00,0x
  00,0x00,0x00,0x00,0x00,0x00,0x00,0x00,0x00,0x00,0x00,0x00,0x00,0x00,0x00,0x00,0x00,0x00,0x00,0x0
  0,0x00,0x3f,0xf3,0x00,0x00,0x00,0x00,0x00,0x00,0x00,0x00,0x00,0x00,0x00,0x00,0x00,0x00,0x00,0x00
  ,0x00,0x00,0x00,0x00,0x00,0x00,0x3f,0xf3,0x00,0x00,0x00,0x00,0x00,0x00,0x00,0x00,0x00,0x00,0x00,
  0x00,0x00,0x00,0x00,0x00,0x00,0x00,0x00,0x00,0x00,0x00,0x3f,0xf3,0x11,0x11,0x11,0x00,0x00,0x00,0
  x00,0x00,0x00,0x00,0x00,0x00,0x00,0x00,0x00,0x00,0x00,0x00,0x00,0x11,0x11,0x11,0x3f,0xf3,0x11,0x
  11,0x11,0x11,0x00,0x00,0x00,0x00,0x00,0x00,0x00,0x00,0x00,0x00,0x00,0x00,0x00,0x00,0x11,0x11,0x1
  1,0x11,0x3f,0xf3,0x22,0x22,0x22,0x11,0x10,0x00,0x00,0x00,0x00,0x00,0x00,0x00,0x00,0x00,0x00,0x00
  ,0x00,0x01,0x11,0x12,0x22,0x21,0x3f,0xf4,0x23,0x33,0x32,0x21,0x11,0x00,0x00,0x00,0x00,0x00,0x00,
  0x00,0x00,0x00,0x00,0x00,0x00,0x11,0x12,0x22,0x22,0x22,0x4f,0xf4,0x34,0x44,0x43,0x32,0x11,0x10,0
  x00,0x00,0x00,0x00,0x00,0x00,0x00,0x00,0x00,0x00,0x01,0x11,0x22,0x33,0x33,0x33,0x4f,0xf4,0x44,0x
  55,0x54,0x32,0x21,0x10,0x00,0x00,0x00,0x00,0x00,0x00,0x00,0x00,0x00,0x00,0x11,0x12,0x23,0x44,0x4
  4,0x43,0x4f,0xf5,0x45,0x66,0x55,0x43,0x21,0x10,0x00,0x00,0x00,0x00,0x00,0x00,0x00,0x00,0x00,0x00
  ,0x11,0x22,0x34,0x45,0x55,0x54,0x5f,0xf6,0x56,0x66,0x65,0x43,0x21,0x10,0x00,0x00,0x00,0x00,0x00,
  0x00,0x00,0x00,0x00,0x00,0x11,0x22,0x34,0x56,0x66,0x59,0xef,0xfe,0x96,0x66,0x65,0x43,0x21,0x10,0
  x00,0x00,0x00,0x00,0x00,0x00,0x00,0x00,0x00,0x00,0x11,0x23,0x44,0x56,0x66,0xaf,0xff,0xff,0xfa,0x
  66,0x55,0x43,0x21,0x10,0x00,0x00,0x00,0x00,0x00,0x00,0x13,0x33,0x33,0x33,0x33,0x44,0x55,0x66,0x7
  7,0xef,0xff,0xff,0xfe,0x66,0x65,0x54,0x43,0x33,0x33,0x33,0x33,0x31,0x00,0x00,0xbf,0xff,0xff,0xff
  ,0xff,0xff,0xff,0xff,0xff,0xff,0xff,0xff,0xff,0xff,0xff,0xff,0xff,0xff,0xff,0xff,0xff,0xfb,0x00,
  0x00,0xbf,0xff,0xff,0xff,0xff,0xff,0xff,0xff,0xff,0xff,0xff,0xff,0xff,0xff,0xff,0xff,0xff,0xff,0
  xff,0xff,0xff,0xfb,0x00,0x00,0x13,0x33,0x33,0x33,0x33,0x34,0x44,0x55,0x56,0xef,0xff,0xff,0xfe,0x
  65,0x54,0x43,0x33,0x33,0x33,0x33,0x33,0x31,0x00,0x00,0x00,0x00,0x00,0x00,0x01,0x11,0x23,0x44,0x5
  5,0x9f,0xff,0xff,0xf9,0x55,0x43,0x22,0x11,0x00,0x00,0x00,0x00,0x00,0x00,0x00,0x00,0x00,0x00,0x00
  ,0x01,0x11,0x23,0x45,0x66,0x69,0xef,0xfe,0xa6,0x65,0x54,0x32,0x11,0x00,0x00,0x00,0x00,0x00,0x00,
  0x00,0x00,0x00,0x00,0x00,0x01,0x12,0x24,0x56,0x66,0x65,0x6f,0xf6,0x66,0x66,0x54,0x32,0x11,0x10,0
  x00,0x00,0x00,0x00,0x00,0x00,0x00,0x00,0x00,0x00,0x01,0x12,0x23,0x55,0x66,0x65,0x5f,0xf6,0x66,0x
  66,0x54,0x32,0x11,0x10,0x00,0x00,0x00,0x00,0x00,0x00,0x00,0x00,0x00,0x00,0x00,0x11,0x23,0x45,0x5
  6,0x54,0x5f,0xf6,0x56,0x65,0x54,0x32,0x11,0x10,0x00,0x00,0x00,0x00,0x00,0x00,0x00,0x00,0x00,0x00
  ,0x00,0x11,0x23,0x34,0x55,0x44,0x4f,0xf5,0x55,0x55,0x43,0x32,0x11,0x00,0x00,0x00,0x00,0x00,0x00,
  0x00,0x00,0x00,0x00,0x00,0x00,0x11,0x12,0x33,0x34,0x33,0x4f,0xf5,0x44,0x44,0x33,0x22,0x11,0x00,0
  x00,0x00,0x00,0x00,0x00,0x00,0x00,0x00,0x00,0x00,0x00,0x01,0x11,0x22,0x22,0x22,0x4f,0xf4,0x33,0x
  33,0x32,0x21,0x10,0x00,0x00,0x00,0x00,0x00,0x00,0x00,0x00,0x00,0x00,0x00,0x00,0x00,0x11,0x11,0x2
  2,0x11,0x3f,0xf4,0x22,0x22,0x22,0x11,0x10,0x00,0x00,0x00,0x00,0x00,0x00,0x00,0x00,0x00,0x00,0x00
  ,0x00,0x00,0x01,0x11,0x11,0x11,0x3f,0xf3,0x12,0x21,0x11,0x11,0x00,0x00,0x00,0x00,0x00,0x00,0x00,
  0x00,0x00,0x00,0x00,0x00,0x00,0x00,0x00,0x00,0x11,0x00,0x3f,0xf3,0x11,0x11,0x11,0x10,0x00,0x00,0
  x00,0x00,0x00,0x00,0x00,0x00,0x00,0x00,0x00,0x00,0x00,0x00,0x00,0x00,0x00,0x00,0x3f,0xf3,0x11,0x
  11,0x00,0x00,0x00,0x00,0x00,0x00,0x00,0x00,0x00,0x00,0x00,0x00,0x00,0x00,0x00,0x00,0x00,0x00,0x0
  0,0x00,0x3f,0xf3,0x00,0x00,0x00,0x00,0x00,0x00,0x00,0x00,0x00,0x00,0x00,0x00,0x00,0x00,0x00,0x00
  ,0x00,0x00,0x00,0x00,0x00,0x00,0x3f,0xf3,0x00,0x00,0x00,0x00,0x00,0x00,0x00,0x00,0x00,0x00,0x00,
  0x00,0x00,0x00,0x00,0x00,0x00,0x00,0x00,0x00,0x00,0x00,0x3f,0xf3,0x00,0x00,0x00,0x00,0x00,0x00,0
  x00,0x00,0x00,0x00,0x00,0x00,0x00,0x00,0x00,0x00,0x00,0x00,0x00,0x00,0x00,0x00,0x3f,0xf3,0x00,0x
  00,0x00,0x00,0x00,0x00,0x00,0x00,0x00,0x00,0x00,0x00,0x00,0x00,0x00,0x00,0x00,0x00,0x00,0x00,0x0
  0,0x00,0x3f,0xf3,0x00,0x00,0x00,0x00,0x00,0x00,0x00,0x00,0x00,0x00,0x00,0x00,0x00,0x00,0x00,0x00
  ,0x00,0x00,0x00,0x00,0x00,0x00,0x3f,0xf3,0x00,0x00,0x00,0x00,0x00,0x00,0x00,0x00,0x00,0x00,0x00,
  0x00,0x00,0x00,0x00,0x00,0x00,0x00,0x00,0x00,0x00,0x00,0x3f,0xf3,0x00,0x00,0x00,0x00,0x00,0x00,0
  x00,0x00,0x00,0x00,0x00,0x00,0x00,0x00,0x00,0x00,0x00,0x00,0x00,0x00,0x00,0x00,0x1b,0xb1,0x00,0x
  00,0x00,0x00,0x00,0x00,0x00,0x00,0x00,0x00,0x00,0x00,0x00,0x00,0x00,0x00,0x00,0x00,0x00,0x00,0x0
  0,0x00,0x00,0x00,0x00,0x00,0x00,0x00,0x00,0x00,0x00,0x00,0x00,0x00,0x00,0x00,0x00,0x00,0x00,0x00
  ,0x00,0x00,0x00,0x00,0x00,0x00,0x00,0x00,0x00,0x00,0x00,0x00,0x00,0x00,0x00,0x00,0x00,0x00,0x00
};

const lv_img_dsc_t dso_neb_reflection_48 = {
  .header.cf = LV_IMG_CF_ALPHA_4BIT,
  .header.always_zero = 0,
  .header.w = 48,
  .header.h = 48,
  .data_size = 1152,
  .data = dso_neb_reflection_48_map,
};

static const uint8_t dso_neb_dark_48_map[] = {
  0x00,0x00,0x00,0x00,0x00,0x00,0x00,0x00,0x00,0x00,0x00,0x00,0x00,0x00,0x00,0x00,0x00,0x00,0x00,0
  x00,0x00,0x00,0x00,0x00,0x00,0x00,0x00,0x00,0x00,0x00,0x00,0x00,0x00,0x00,0x00,0x00,0x00,0x00,0x
  00,0x00,0x00,0x00,0x00,0x00,0x00,0x00,0x00,0x00,0x00,0x00,0x00,0x00,0x00,0x00,0x00,0x00,0x00,0x0
  0,0x00,0x00,0x00,0x00,0x00,0x00,0x00,0x00,0x00,0x00,0x00,0x00,0x00,0x00,0x00,0x00,0x00,0x00,0x00
  ,0x00,0x00,0x00,0x00,0x00,0x00,0x00,0x00,0x00,0x00,0x00,0x00,0x00,0x00,0x00,0x00,0x00,0x00,0x00,
  0x00,0x00,0x00,0x00,0x00,0x00,0x00,0x00,0x00,0x00,0x00,0x00,0x00,0x00,0x00,0x00,0x00,0x00,0x00,0
  x00,0x00,0x00,0x00,0x00,0x00,0x00,0x00,0x00,0x00,0x00,0x00,0x00,0x00,0x00,0x00,0x00,0x00,0x00,0x
  00,0x00,0x00,0x00,0x00,0x00,0x00,0x00,0x00,0x00,0x00,0x00,0x00,0x00,0x00,0x00,0x00,0x00,0x00,0x0
  0,0x00,0x00,0x00,0x00,0x00,0x00,0x00,0x00,0x00,0x00,0x00,0x00,0x00,0x00,0x00,0x00,0x00,0x00,0x00
  ,0x00,0x00,0x00,0x00,0x00,0x12,0x23,0x33,0x33,0x21,0x00,0x00,0x00,0x00,0x00,0x00,0x00,0x00,0x00,
  0x00,0x00,0x00,0x00,0x00,0x00,0x00,0x00,0x02,0x35,0x78,0x9a,0xbb,0xaa,0x97,0x64,0x21,0x00,0x00,0
  x00,0x00,0x00,0x00,0x00,0x00,0x00,0x00,0x00,0x00,0x00,0x00,0x13,0x58,0xac,0xee,0xff,0xff,0xff,0x
  ee,0xdb,0x86,0x31,0x00,0x00,0x00,0x00,0x00,0x00,0x00,0x00,0x00,0x00,0x00,0x00,0x02,0x69,0xce,0xf
  f,0xff,0xff,0xff,0xff,0xff,0xff,0xec,0x96,0x20,0x00,0x00,0x00,0x00,0x00,0x00,0x00,0x00,0x00,0x00
  ,0x01,0x58,0xce,0xff,0xfe,0xdc,0xba,0x99,0xab,0xcd,0xef,0xff,0xec,0x84,0x10,0x00,0x00,0x00,0x00,
  0x00,0x00,0x00,0x00,0x00,0x26,0xae,0xff,0xfd,0xb8,0x64,0x32,0x22,0x34,0x57,0x9b,0xef,0xff,0xd9,0
  x51,0x00,0x00,0x00,0x00,0x00,0x00,0x00,0x00,0x02,0x7c,0xff,0xfd,0xa7,0x42,0x00,0x00,0x00,0x00,0x
  01,0x25,0x8c,0xef,0xfe,0xa5,0x10,0x00,0x00,0x00,0x00,0x00,0x00,0x00,0x27,0xcf,0xff,0xc8,0x41,0x0
  0,0x00,0x00,0x00,0x00,0x00,0x00,0x26,0xae,0xff,0xe9,0x40,0x00,0x00,0x00,0x00,0x00,0x00,0x02,0x7c
  ,0xff,0xeb,0x62,0x00,0x00,0x00,0x00,0x00,0x00,0x00,0x00,0x01,0x59,0xef,0xfd,0x83,0x00,0x00,0x00,
  0x00,0x00,0x00,0x15,0xbf,0xfe,0xa5,0x10,0x00,0x00,0x00,0x00,0x00,0x00,0x00,0x00,0x00,0x15,0xae,0
  xff,0xb6,0x10,0x00,0x00,0x00,0x00,0x00,0x39,0xef,0xfb,0x61,0x00,0x00,0x00,0x00,0x00,0x00,0x00,0x
  34,0x10,0x00,0x01,0x6b,0xff,0xe9,0x30,0x00,0x00,0x00,0x00,0x01,0x6c,0xff,0xd7,0x20,0x00,0x02,0x2
  0,0x00,0x00,0x00,0x02,0x88,0x40,0x00,0x00,0x38,0xef,0xfb,0x50,0x00,0x00,0x00,0x00,0x03,0x9e,0xfe
  ,0x94,0x00,0x00,0x28,0x82,0x00,0x00,0x00,0x01,0x78,0x30,0x00,0x00,0x16,0xbf,0xfd,0x71,0x00,0x00,
  0x00,0x00,0x05,0xbf,0xfd,0x71,0x00,0x00,0x28,0x82,0x00,0x00,0x00,0x00,0x12,0x00,0x00,0x00,0x04,0
  x9e,0xfe,0x82,0x00,0x00,0x00,0x00,0x17,0xdf,0xfa,0x40,0x00,0x00,0x02,0x20,0x00,0x00,0x00,0x00,0x
  00,0x00,0x00,0x00,0x02,0x8e,0xfe,0x93,0x00,0x00,0x00,0x00,0x29,0xef,0xe9,0x30,0x00,0x00,0x00,0x0
  0,0x00,0x00,0x00,0x00,0x00,0x00,0x00,0x00,0x02,0x7d,0xff,0xa4,0x00,0x00,0x00,0x00,0x39,0xff,0xe8
  ,0x20,0x00,0x00,0x00,0x00,0x00,0x00,0x00,0x00,0x00,0x00,0x00,0x00,0x01,0x7d,0xff,0xa4,0x00,0x00,
  0x00,0x00,0x4a,0xff,0xd7,0x10,0x00,0x00,0x00,0x00,0x00,0x00,0x00,0x00,0x00,0x00,0x00,0x00,0x02,0
  x8e,0xff,0x93,0x00,0x00,0x00,0x00,0x4a,0xff,0xd7,0x20,0x00,0x00,0x00,0x00,0x00,0x00,0x00,0x00,0x
  00,0x00,0x00,0x00,0x03,0x9e,0xfe,0x92,0x00,0x00,0x00,0x00,0x39,0xef,0xe8,0x20,0x00,0x00,0x00,0x0
  0,0x00,0x00,0x00,0x00,0x00,0x00,0x00,0x00,0x04,0xaf,0xfd,0x71,0x00,0x00,0x00,0x00,0x28,0xef,0xe9
  ,0x40,0x00,0x00,0x00,0x00,0x00,0x00,0x00,0x00,0x04,0x40,0x00,0x00,0x17,0xdf,0xfb,0x50,0x00,0x00,
  0x00,0x00,0x17,0xdf,0xfb,0x61,0x00,0x00,0x02,0x65,0x00,0x00,0x00,0x00,0x38,0x83,0x00,0x00,0x49,0
  xef,0xe9,0x30,0x00,0x00,0x00,0x00,0x05,0xbf,0xfe,0x83,0x00,0x00,0x05,0x88,0x20,0x00,0x00,0x00,0x
  27,0x72,0x00,0x02,0x7d,0xff,0xc6,0x10,0x00,0x00,0x00,0x00,0x03,0x9e,0xff,0xb6,0x10,0x00,0x02,0x7
  6,0x10,0x00,0x00,0x00,0x01,0x10,0x00,0x16,0xbf,0xfe,0x93,0x00,0x00,0x00,0x00,0x00,0x01,0x6b,0xff
  ,0xea,0x51,0x00,0x00,0x10,0x00,0x00,0x00,0x00,0x00,0x00,0x01,0x5a,0xef,0xfb,0x51,0x00,0x00,0x00,
  0x00,0x00,0x00,0x38,0xdf,0xfe,0x95,0x10,0x00,0x00,0x00,0x00,0x00,0x00,0x00,0x00,0x26,0xbe,0xff,0
  xc7,0x20,0x00,0x00,0x00,0x00,0x00,0x00,0x04,0x9e,0xff,0xea,0x62,0x00,0x00,0x00,0x00,0x00,0x00,0x
  00,0x14,0x8c,0xff,0xfc,0x72,0x00,0x00,0x00,0x00,0x00,0x00,0x00,0x01,0x5a,0xef,0xfe,0xc8,0x52,0x1
  0,0x00,0x00,0x00,0x00,0x24,0x7a,0xdf,0xff,0xc7,0x20,0x00,0x00,0x00,0x00,0x00,0x00,0x00,0x00,0x15
  ,0x9d,0xff,0xfe,0xb9,0x75,0x43,0x22,0x23,0x46,0x8b,0xdf,0xff,0xea,0x62,0x00,0x00,0x00,0x00,0x00,
  0x00,0x00,0x00,0x00,0x01,0x48,0xce,0xff,0xfe,0xdc,0xba,0x99,0xab,0xcd,0xef,0xff,0xec,0x85,0x10,0
  x00,0x00,0x00,0x00,0x00,0x00,0x00,0x00,0x00,0x00,0x02,0x69,0xce,0xff,0xff,0xff,0xff,0xff,0xff,0x
  ff,0xec,0x96,0x20,0x00,0x00,0x00,0x00,0x00,0x00,0x00,0x00,0x00,0x00,0x00,0x00,0x13,0x68,0xbd,0xe
  e,0xff,0xff,0xff,0xee,0xca,0x85,0x31,0x00,0x00,0x00,0x00,0x00,0x00,0x00,0x00,0x00,0x00,0x00,0x00
  ,0x00,0x00,0x12,0x46,0x79,0xaa,0xbb,0xa9,0x87,0x53,0x20,0x00,0x00,0x00,0x00,0x00,0x00,0x00,0x00,
  0x00,0x00,0x00,0x00,0x00,0x00,0x00,0x00,0x00,0x12,0x33,0x33,0x32,0x21,0x00,0x00,0x00,0x00,0x00,0
  x00,0x00,0x00,0x00,0x00,0x00,0x00,0x00,0x00,0x00,0x00,0x00,0x00,0x00,0x00,0x00,0x00,0x00,0x00,0x
  00,0x00,0x00,0x00,0x00,0x00,0x00,0x00,0x00,0x00,0x00,0x00,0x00,0x00,0x00,0x00,0x00,0x00,0x00,0x0
  0,0x00,0x00,0x00,0x00,0x00,0x00,0x00,0x00,0x00,0x00,0x00,0x00,0x00,0x00,0x00,0x00,0x00,0x00,0x00
  ,0x00,0x00,0x00,0x00,0x00,0x00,0x00,0x00,0x00,0x00,0x00,0x00,0x00,0x00,0x00,0x00,0x00,0x00,0x00,
  0x00,0x00,0x00,0x00,0x00,0x00,0x00,0x00,0x00,0x00,0x00,0x00,0x00,0x00,0x00,0x00,0x00,0x00,0x00,0
  x00,0x00,0x00,0x00,0x00,0x00,0x00,0x00,0x00,0x00,0x00,0x00,0x00,0x00,0x00,0x00,0x00,0x00,0x00,0x
  00,0x00,0x00,0x00,0x00,0x00,0x00,0x00,0x00,0x00,0x00,0x00,0x00,0x00,0x00,0x00,0x00,0x00,0x00,0x0
  0,0x00,0x00,0x00,0x00,0x00,0x00,0x00,0x00,0x00,0x00,0x00,0x00,0x00,0x00,0x00,0x00,0x00,0x00,0x00
  ,0x00,0x00,0x00,0x00,0x00,0x00,0x00,0x00,0x00,0x00,0x00,0x00,0x00,0x00,0x00,0x00,0x00,0x00,0x00
};

const lv_img_dsc_t dso_neb_dark_48 = {
  .header.cf = LV_IMG_CF_ALPHA_4BIT,
  .header.always_zero = 0,
  .header.w = 48,
  .header.h = 48,
  .data_size = 1152,
  .data = dso_neb_dark_48_map,
};

static const uint8_t dso_neb_planetary_48_map[] = {
  0x00,0x00,0x00,0x00,0x00,0x00,0x00,0x00,0x00,0x00,0x00,0x00,0x00,0x00,0x00,0x00,0x00,0x00,0x00,0
  x00,0x00,0x00,0x00,0x00,0x00,0x00,0x00,0x00,0x00,0x00,0x00,0x00,0x00,0x00,0x00,0x00,0x00,0x00,0x
  00,0x00,0x00,0x00,0x00,0x00,0x00,0x00,0x00,0x00,0x00,0x00,0x00,0x00,0x00,0x00,0x00,0x00,0x00,0x0
  0,0x00,0x00,0x00,0x00,0x00,0x00,0x00,0x00,0x00,0x00,0x00,0x00,0x00,0x00,0x00,0x00,0x00,0x00,0x00
  ,0x00,0x00,0x00,0x00,0x00,0x00,0x00,0x00,0x00,0x00,0x00,0x00,0x00,0x00,0x00,0x00,0x00,0x00,0x00,
  0x00,0x00,0x00,0x00,0x00,0x00,0x00,0x00,0x00,0x00,0x00,0x00,0x00,0x00,0x00,0x00,0x00,0x00,0x00,0
  x00,0x00,0x00,0x00,0x00,0x00,0x00,0x00,0x00,0x00,0x00,0x00,0x00,0x00,0x00,0x00,0x00,0x00,0x00,0x
  00,0x00,0x00,0x00,0x00,0x00,0x00,0x00,0x00,0x00,0x00,0x00,0x00,0x00,0x00,0x00,0x00,0x00,0x00,0x0
  0,0x00,0x00,0x00,0x00,0x00,0x00,0x00,0x00,0x00,0x00,0x00,0x00,0x00,0x00,0x00,0x00,0x00,0x00,0x00
  ,0x00,0x00,0x00,0x00,0x00,0x00,0x11,0x11,0x11,0x10,0x00,0x00,0x00,0x00,0x00,0x00,0x00,0x00,0x00,
  0x00,0x00,0x00,0x00,0x00,0x00,0x00,0x00,0x00,0x12,0x35,0x66,0x77,0x76,0x65,0x42,0x10,0x00,0x00,0
  x00,0x00,0x00,0x00,0x00,0x00,0x00,0x00,0x00,0x00,0x00,0x00,0x00,0x24,0x68,0x9a,0xbc,0xcc,0xcc,0x
  ba,0x97,0x64,0x20,0x00,0x00,0x00,0x00,0x00,0x00,0x00,0x00,0x00,0x00,0x00,0x00,0x00,0x24,0x79,0xb
  d,0xef,0xff,0xff,0xff,0xff,0xec,0xa8,0x63,0x10,0x00,0x00,0x00,0x00,0x00,0x00,0x00,0x00,0x00,0x00
  ,0x00,0x13,0x69,0xce,0xff,0xff,0xff,0xff,0xff,0xff,0xff,0xfd,0xb8,0x52,0x00,0x00,0x00,0x00,0x00,
  0x00,0x00,0x00,0x00,0x00,0x02,0x58,0xbe,0xff,0xff,0xfe,0xed,0xdd,0xde,0xef,0xff,0xff,0xec,0x96,0
  x20,0x00,0x00,0x00,0x00,0x00,0x00,0x00,0x00,0x00,0x26,0x9c,0xff,0xff,0xed,0xba,0x88,0x77,0x88,0x
  ab,0xde,0xff,0xff,0xd9,0x62,0x00,0x00,0x00,0x00,0x00,0x00,0x00,0x00,0x02,0x6a,0xdf,0xff,0xfd,0xa
  8,0x64,0x32,0x22,0x23,0x46,0x8a,0xdf,0xff,0xfd,0x95,0x20,0x00,0x00,0x00,0x00,0x00,0x00,0x00,0x15
  ,0x9d,0xff,0xfe,0xb8,0x53,0x10,0x00,0x00,0x00,0x01,0x36,0x9c,0xef,0xff,0xc8,0x41,0x00,0x00,0x00,
  0x00,0x00,0x00,0x01,0x49,0xdf,0xff,0xda,0x63,0x10,0x00,0x00,0x00,0x00,0x00,0x02,0x58,0xcf,0xff,0
  xeb,0x72,0x00,0x00,0x00,0x00,0x00,0x00,0x03,0x7c,0xff,0xfd,0xa6,0x20,0x00,0x00,0x00,0x00,0x00,0x
  00,0x00,0x15,0x8c,0xff,0xfd,0x94,0x10,0x00,0x00,0x00,0x00,0x00,0x16,0xae,0xff,0xea,0x62,0x00,0x0
  0,0x00,0x00,0x00,0x00,0x00,0x00,0x02,0x6a,0xef,0xfe,0xa6,0x20,0x00,0x00,0x00,0x00,0x00,0x38,0xcf
  ,0xff,0xc7,0x30,0x00,0x00,0x00,0x00,0x00,0x00,0x00,0x00,0x00,0x38,0xcf,0xff,0xc7,0x30,0x00,0x00,
  0x00,0x00,0x01,0x5a,0xef,0xfe,0x94,0x10,0x00,0x00,0x00,0x01,0x10,0x00,0x00,0x00,0x00,0x16,0xae,0
  xff,0xd8,0x40,0x00,0x00,0x00,0x00,0x02,0x7b,0xff,0xfc,0x72,0x00,0x00,0x00,0x01,0x9d,0xd9,0x10,0x
  00,0x00,0x00,0x15,0x9e,0xff,0xe9,0x40,0x00,0x00,0x00,0x00,0x03,0x8d,0xff,0xea,0x51,0x00,0x00,0x0
  0,0x09,0xff,0xff,0x90,0x00,0x00,0x00,0x04,0x9e,0xff,0xe9,0x40,0x00,0x00,0x00,0x00,0x04,0x9d,0xff
  ,0xe9,0x40,0x00,0x00,0x00,0x1d,0xff,0xff,0xd1,0x00,0x00,0x00,0x04,0x9d,0xff,0xe9,0x40,0x00,0x00,
  0x00,0x00,0x04,0x9e,0xff,0xd9,0x40,0x00,0x00,0x00,0x1d,0xff,0xff,0xd1,0x00,0x00,0x00,0x04,0x9e,0
  xff,0xd9,0x40,0x00,0x00,0x00,0x00,0x04,0x9e,0xff,0xe9,0x40,0x00,0x00,0x00,0x09,0xff,0xff,0x90,0x
  00,0x00,0x00,0x15,0xae,0xff,0xd8,0x30,0x00,0x00,0x00,0x00,0x04,0x9e,0xff,0xe9,0x51,0x00,0x00,0x0
  0,0x01,0x9d,0xd9,0x10,0x00,0x00,0x00,0x27,0xcf,0xff,0xb7,0x20,0x00,0x00,0x00,0x00,0x04,0x8d,0xff
  ,0xea,0x61,0x00,0x00,0x00,0x00,0x01,0x10,0x00,0x00,0x00,0x01,0x49,0xef,0xfe,0xa5,0x10,0x00,0x00,
  0x00,0x00,0x03,0x7c,0xff,0xfc,0x83,0x00,0x00,0x00,0x00,0x00,0x00,0x00,0x00,0x00,0x03,0x7c,0xff,0
  xfc,0x83,0x00,0x00,0x00,0x00,0x00,0x02,0x6a,0xef,0xfe,0xa6,0x20,0x00,0x00,0x00,0x00,0x00,0x00,0x
  00,0x00,0x26,0xae,0xff,0xea,0x61,0x00,0x00,0x00,0x00,0x00,0x01,0x49,0xdf,0xff,0xc8,0x51,0x00,0x0
  0,0x00,0x00,0x00,0x00,0x00,0x02,0x6a,0xdf,0xff,0xc7,0x30,0x00,0x00,0x00,0x00,0x00,0x00,0x27,0xbe
  ,0xff,0xfc,0x85,0x20,0x00,0x00,0x00,0x00,0x00,0x01,0x36,0xad,0xff,0xfd,0x94,0x10,0x00,0x00,0x00,
  0x00,0x00,0x00,0x14,0x8c,0xff,0xfe,0xc9,0x63,0x10,0x00,0x00,0x00,0x01,0x35,0x8b,0xef,0xff,0xd9,0
  x51,0x00,0x00,0x00,0x00,0x00,0x00,0x00,0x02,0x59,0xdf,0xff,0xfd,0xa8,0x64,0x32,0x22,0x23,0x46,0x
  8a,0xdf,0xff,0xfd,0xa6,0x20,0x00,0x00,0x00,0x00,0x00,0x00,0x00,0x00,0x26,0x9d,0xff,0xff,0xed,0xb
  a,0x88,0x77,0x88,0xab,0xde,0xff,0xff,0xc9,0x62,0x00,0x00,0x00,0x00,0x00,0x00,0x00,0x00,0x00,0x02
  ,0x69,0xce,0xff,0xff,0xfe,0xed,0xdd,0xde,0xef,0xff,0xff,0xeb,0x85,0x20,0x00,0x00,0x00,0x00,0x00,
  0x00,0x00,0x00,0x00,0x00,0x25,0x8b,0xdf,0xff,0xff,0xff,0xff,0xff,0xff,0xff,0xec,0x96,0x31,0x00,0
  x00,0x00,0x00,0x00,0x00,0x00,0x00,0x00,0x00,0x00,0x01,0x36,0x8a,0xce,0xff,0xff,0xff,0xff,0xfe,0x
  db,0x97,0x42,0x00,0x00,0x00,0x00,0x00,0x00,0x00,0x00,0x00,0x00,0x00,0x00,0x00,0x02,0x46,0x79,0xa
  b,0xcc,0xcc,0xcb,0xa9,0x86,0x42,0x00,0x00,0x00,0x00,0x00,0x00,0x00,0x00,0x00,0x00,0x00,0x00,0x00
  ,0x00,0x00,0x01,0x24,0x56,0x67,0x77,0x66,0x53,0x21,0x00,0x00,0x00,0x00,0x00,0x00,0x00,0x00,0x00,
  0x00,0x00,0x00,0x00,0x00,0x00,0x00,0x00,0x00,0x01,0x11,0x11,0x11,0x00,0x00,0x00,0x00,0x00,0x00,0
  x00,0x00,0x00,0x00,0x00,0x00,0x00,0x00,0x00,0x00,0x00,0x00,0x00,0x00,0x00,0x00,0x00,0x00,0x00,0x
  00,0x00,0x00,0x00,0x00,0x00,0x00,0x00,0x00,0x00,0x00,0x00,0x00,0x00,0x00,0x00,0x00,0x00,0x00,0x0
  0,0x00,0x00,0x00,0x00,0x00,0x00,0x00,0x00,0x00,0x00,0x00,0x00,0x00,0x00,0x00,0x00,0x00,0x00,0x00
  ,0x00,0x00,0x00,0x00,0x00,0x00,0x00,0x00,0x00,0x00,0x00,0x00,0x00,0x00,0x00,0x00,0x00,0x00,0x00,
  0x00,0x00,0x00,0x00,0x00,0x00,0x00,0x00,0x00,0x00,0x00,0x00,0x00,0x00,0x00,0x00,0x00,0x00,0x00,0
  x00,0x00,0x00,0x00,0x00,0x00,0x00,0x00,0x00,0x00,0x00,0x00,0x00,0x00,0x00,0x00,0x00,0x00,0x00,0x
  00,0x00,0x00,0x00,0x00,0x00,0x00,0x00,0x00,0x00,0x00,0x00,0x00,0x00,0x00,0x00,0x00,0x00,0x00,0x0
  0,0x00,0x00,0x00,0x00,0x00,0x00,0x00,0x00,0x00,0x00,0x00,0x00,0x00,0x00,0x00,0x00,0x00,0x00,0x00
  ,0x00,0x00,0x00,0x00,0x00,0x00,0x00,0x00,0x00,0x00,0x00,0x00,0x00,0x00,0x00,0x00,0x00,0x00,0x00
};

const lv_img_dsc_t dso_neb_planetary_48 = {
  .header.cf = LV_IMG_CF_ALPHA_4BIT,
  .header.always_zero = 0,
  .header.w = 48,
  .header.h = 48,
  .data_size = 1152,
  .data = dso_neb_planetary_48_map,
};

static const uint8_t dso_neb_supernova_48_map[] = {
  0x00,0x00,0x00,0x00,0x00,0x00,0x00,0x00,0x00,0x00,0x00,0x00,0x00,0x00,0x00,0x00,0x00,0x00,0x00,0
  x00,0x00,0x00,0x00,0x00,0x00,0x00,0x00,0x00,0x00,0x00,0x00,0x00,0x00,0x00,0x00,0x00,0x00,0x00,0x
  00,0x00,0x00,0x00,0x00,0x00,0x00,0x00,0x00,0x00,0x00,0x00,0x00,0x00,0x00,0x00,0x00,0x00,0x00,0x0
  0,0x00,0x00,0x00,0x00,0x00,0x00,0x00,0x00,0x00,0x00,0x00,0x00,0x00,0x00,0x00,0x00,0x00,0x00,0x00
  ,0x00,0x00,0x00,0x00,0x00,0x00,0x00,0x00,0x00,0x00,0x00,0x00,0x00,0x00,0x00,0x00,0x00,0x00,0x00,
  0x00,0x00,0x00,0x00,0x00,0x00,0x00,0x00,0x00,0x00,0x00,0x00,0x00,0x00,0x00,0x00,0x00,0x00,0x00,0
  x00,0x00,0x00,0x00,0x00,0x00,0x00,0x00,0x00,0x00,0x00,0x00,0x00,0x00,0x00,0x00,0x00,0x00,0x00,0x
  00,0x00,0x00,0x00,0x00,0x00,0x00,0x00,0x00,0x00,0x00,0x00,0x00,0x00,0x00,0x00,0x00,0x00,0x00,0x0
  0,0x00,0x00,0x00,0x00,0x00,0x00,0x00,0x00,0x00,0x00,0x00,0x00,0x00,0x00,0x00,0x00,0x00,0x00,0x00
  ,0x00,0x00,0x00,0x00,0x00,0x00,0x00,0x00,0x00,0x00,0x00,0x00,0x00,0x00,0x00,0x00,0x00,0x00,0x00,
  0x00,0x00,0x00,0x00,0x00,0x00,0x00,0x00,0x00,0x00,0x00,0x00,0x02,0x10,0x00,0x00,0x00,0x00,0x00,0
  x00,0x00,0x00,0x00,0x00,0x00,0x00,0x00,0x00,0x00,0x00,0x00,0x00,0x02,0x59,0xa3,0x00,0x7e,0xdc,0x
  95,0x20,0x00,0x00,0x00,0x00,0x00,0x00,0x00,0x00,0x00,0x00,0x00,0x00,0x00,0x00,0x00,0x03,0x9d,0xf
  f,0xf9,0x00,0xbf,0xff,0xff,0xd9,0x30,0x00,0x00,0x00,0x00,0x00,0x00,0x00,0x00,0x00,0x00,0x00,0x01
  ,0x00,0x01,0x8e,0xff,0xff,0xe5,0x00,0x4b,0xce,0xff,0xff,0xe8,0x10,0x59,0x10,0x00,0x00,0x00,0x00,
  0x00,0x00,0x00,0x00,0x1a,0x81,0x3c,0xff,0xfe,0x95,0x20,0x00,0x00,0x12,0x59,0xef,0xff,0xc7,0xc8,0
  x10,0x00,0x00,0x00,0x00,0x00,0x00,0x00,0x00,0x06,0xba,0xef,0xfe,0x82,0x00,0x00,0x00,0x00,0x00,0x
  00,0x28,0xef,0xfe,0x91,0x00,0x00,0x00,0x00,0x00,0x00,0x00,0x00,0x00,0x00,0x7e,0xff,0xb3,0x00,0x0
  0,0x00,0x00,0x00,0x00,0x00,0x00,0x4c,0xff,0xe5,0x00,0x00,0x00,0x00,0x00,0x00,0x00,0x00,0x00,0x03
  ,0xdf,0xfd,0x60,0x00,0x00,0x00,0x00,0x00,0x00,0x00,0x01,0x8c,0xbf,0xfd,0x30,0x00,0x00,0x00,0x00,
  0x00,0x00,0x00,0x00,0x1b,0xff,0xa7,0xc8,0x10,0x00,0x00,0x00,0x00,0x00,0x00,0x19,0xb5,0x1a,0xff,0
  xb1,0x00,0x00,0x00,0x00,0x00,0x00,0x00,0x00,0x5f,0xfc,0x20,0x5b,0xa2,0x00,0x00,0x00,0x00,0x00,0x
  00,0x8b,0x40,0x02,0xcf,0xf5,0x00,0x00,0x00,0x00,0x00,0x00,0x00,0x01,0xcf,0xf5,0x00,0x03,0x92,0x0
  0,0x00,0x00,0x00,0x00,0x00,0x33,0x00,0x00,0x5f,0xfc,0x10,0x00,0x00,0x00,0x00,0x00,0x00,0x04,0xff
  ,0xb1,0x00,0x00,0x00,0x00,0x00,0x00,0x00,0x00,0x00,0x00,0x00,0x00,0x1b,0xff,0x40,0x00,0x00,0x00,
  0x00,0x00,0x00,0x08,0xff,0x60,0x00,0x00,0x00,0x00,0x00,0x00,0x00,0x00,0x00,0x00,0x00,0x00,0x06,0
  xff,0x80,0x00,0x00,0x00,0x00,0x00,0x00,0x0b,0xfe,0x20,0x00,0x00,0x00,0x00,0x00,0x00,0x00,0x00,0x
  00,0x00,0x00,0x00,0x02,0xef,0xb0,0x00,0x00,0x00,0x00,0x00,0x00,0x0b,0xfc,0x10,0x00,0x00,0x00,0x0
  0,0x00,0x00,0x00,0x00,0x00,0x00,0x00,0x00,0x01,0xcf,0xb0,0x00,0x00,0x00,0x00,0x00,0x00,0x02,0x73
  ,0x00,0x00,0x00,0x00,0x00,0x00,0x00,0x00,0x00,0x00,0x00,0x00,0x00,0x00,0x37,0x20,0x00,0x00,0x00,
  0x00,0x00,0x00,0x00,0x00,0x00,0x00,0x00,0x00,0x00,0x00,0x00,0x00,0x00,0x00,0x00,0x00,0x00,0x00,0
  x37,0x20,0x00,0x00,0x00,0x00,0x00,0x00,0x00,0x21,0x00,0x00,0x00,0x00,0x00,0x00,0x00,0x00,0x00,0x
  00,0x00,0x00,0x00,0x01,0xcf,0xb0,0x00,0x00,0x00,0x00,0x00,0x00,0x04,0xdc,0x20,0x00,0x00,0x00,0x0
  0,0x00,0x00,0x00,0x00,0x00,0x00,0x00,0x00,0x02,0xef,0xb0,0x00,0x00,0x00,0x00,0x00,0x00,0x07,0xff
  ,0x60,0x00,0x00,0x00,0x00,0x00,0x00,0x00,0x00,0x00,0x00,0x00,0x00,0x06,0xff,0x80,0x00,0x00,0x00,
  0x00,0x00,0x00,0x04,0xff,0xb1,0x00,0x00,0x00,0x00,0x00,0x00,0x00,0x00,0x00,0x01,0x00,0x00,0x1b,0
  xff,0x40,0x00,0x00,0x00,0x00,0x00,0x00,0x01,0xcf,0xf5,0x00,0x00,0x01,0x00,0x00,0x00,0x00,0x00,0x
  00,0x1a,0x81,0x00,0x5f,0xfc,0x10,0x00,0x00,0x00,0x00,0x00,0x00,0x00,0x5f,0xfc,0x20,0x00,0x4a,0x3
  0,0x00,0x00,0x00,0x00,0x00,0x06,0xba,0x32,0xcf,0xf5,0x00,0x00,0x00,0x00,0x00,0x00,0x00,0x00,0x1b
  ,0xff,0xa1,0x03,0xb9,0x10,0x00,0x00,0x00,0x00,0x00,0x00,0x3a,0xbb,0xff,0xb1,0x00,0x00,0x00,0x00,
  0x00,0x00,0x00,0x00,0x03,0xdf,0xfa,0x4b,0xa2,0x00,0x00,0x00,0x00,0x00,0x00,0x00,0x03,0xcf,0xfd,0
  x30,0x00,0x00,0x00,0x00,0x00,0x00,0x00,0x00,0x00,0x5e,0xff,0xda,0x20,0x00,0x00,0x00,0x00,0x00,0x
  00,0x00,0x3b,0xff,0xeb,0x30,0x00,0x00,0x00,0x00,0x00,0x00,0x00,0x00,0x00,0x05,0xef,0xfe,0x82,0x0
  0,0x00,0x00,0x00,0x00,0x00,0x28,0xef,0xfe,0x6a,0xb4,0x00,0x00,0x00,0x00,0x00,0x00,0x00,0x00,0x00
  ,0x02,0xad,0xff,0xfe,0x95,0x21,0x00,0x00,0x01,0x59,0xef,0xff,0xc3,0x01,0x62,0x00,0x00,0x00,0x00,
  0x00,0x00,0x00,0x00,0x00,0x1a,0xb4,0x8e,0xff,0xff,0xec,0xb4,0x00,0x1c,0xff,0xff,0xe8,0x10,0x00,0
  x00,0x00,0x00,0x00,0x00,0x00,0x00,0x00,0x00,0x00,0x17,0x30,0x03,0x9d,0xff,0xff,0xfb,0x00,0x2e,0x
  ff,0xd9,0x30,0x00,0x00,0x00,0x00,0x00,0x00,0x00,0x00,0x00,0x00,0x00,0x00,0x00,0x00,0x00,0x02,0x5
  9,0xcd,0xe7,0x00,0x05,0x85,0x20,0x00,0x00,0x00,0x00,0x00,0x00,0x00,0x00,0x00,0x00,0x00,0x00,0x00
  ,0x00,0x00,0x00,0x00,0x00,0x01,0x20,0x00,0x00,0x00,0x00,0x00,0x00,0x00,0x00,0x00,0x00,0x00,0x00,
  0x00,0x00,0x00,0x00,0x00,0x00,0x00,0x00,0x00,0x00,0x00,0x00,0x00,0x00,0x00,0x00,0x00,0x00,0x00,0
  x00,0x00,0x00,0x00,0x00,0x00,0x00,0x00,0x00,0x00,0x00,0x00,0x00,0x00,0x00,0x00,0x00,0x00,0x00,0x
  00,0x00,0x00,0x00,0x00,0x00,0x00,0x00,0x00,0x00,0x00,0x00,0x00,0x00,0x00,0x00,0x00,0x00,0x00,0x0
  0,0x00,0x00,0x00,0x00,0x00,0x00,0x00,0x00,0x00,0x00,0x00,0x00,0x00,0x00,0x00,0x00,0x00,0x00,0x00
  ,0x00,0x00,0x00,0x00,0x00,0x00,0x00,0x00,0x00,0x00,0x00,0x00,0x00,0x00,0x00,0x00,0x00,0x00,0x00,
  0x00,0x00,0x00,0x00,0x00,0x00,0x00,0x00,0x00,0x00,0x00,0x00,0x00,0x00,0x00,0x00,0x00,0x00,0x00,0
  x00,0x00,0x00,0x00,0x00,0x00,0x00,0x00,0x00,0x00,0x00,0x00,0x00,0x00,0x00,0x00,0x00,0x00,0x00,0x
  00,0x00,0x00,0x00,0x00,0x00,0x00,0x00,0x00,0x00,0x00,0x00,0x00,0x00,0x00,0x00,0x00,0x00,0x00,0x0
  0,0x00,0x00,0x00,0x00,0x00,0x00,0x00,0x00,0x00,0x00,0x00,0x00,0x00,0x00,0x00,0x00,0x00,0x00,0x00
  ,0x00,0x00,0x00,0x00,0x00,0x00,0x00,0x00,0x00,0x00,0x00,0x00,0x00,0x00,0x00,0x00,0x00,0x00,0x00
};

const lv_img_dsc_t dso_neb_supernova_48 = {
  .header.cf = LV_IMG_CF_ALPHA_4BIT,
  .header.always_zero = 0,
  .header.w = 48,
  .header.h = 48,
  .data_size = 1152,
  .data = dso_neb_supernova_48_map,
};

static const uint8_t dso_neb_hii_48_map[] = {
  0x00,0x00,0x00,0x00,0x00,0x00,0x00,0x00,0x00,0x00,0x00,0x00,0x00,0x00,0x00,0x00,0x00,0x00,0x00,0
  x00,0x00,0x00,0x00,0x00,0x00,0x00,0x00,0x00,0x00,0x00,0x00,0x00,0x00,0x00,0x00,0x00,0x00,0x00,0x
  00,0x00,0x00,0x00,0x00,0x00,0x00,0x00,0x00,0x00,0x00,0x00,0x00,0x00,0x00,0x00,0x00,0x00,0x00,0x0
  0,0x00,0x00,0x00,0x00,0x00,0x00,0x00,0x00,0x00,0x00,0x00,0x00,0x00,0x00,0x00,0x00,0x00,0x00,0x00
  ,0x00,0x00,0x00,0x00,0x00,0x00,0x00,0x00,0x00,0x00,0x00,0x00,0x00,0x00,0x00,0x00,0x00,0x00,0x00,
  0x00,0x00,0x00,0x00,0x00,0x00,0x00,0x00,0x00,0x00,0x00,0x00,0x00,0x00,0x00,0x00,0x00,0x00,0x00,0
  x00,0x00,0x00,0x00,0x00,0x00,0x00,0x00,0x00,0x00,0x00,0x00,0x00,0x00,0x00,0x00,0x00,0x00,0x00,0x
  00,0x00,0x00,0x00,0x00,0x00,0x00,0x00,0x00,0x00,0x00,0x00,0x00,0x00,0x00,0x00,0x00,0x00,0x00,0x0
  0,0x00,0x01,0x11,0x10,0x00,0x00,0x00,0x00,0x00,0x00,0x00,0x00,0x00,0x00,0x00,0x00,0x00,0x00,0x00
  ,0x00,0x00,0x00,0x00,0x13,0x45,0x67,0x77,0x76,0x53,0x21,0x00,0x00,0x00,0x00,0x00,0x00,0x00,0x00,
  0x00,0x00,0x00,0x00,0x00,0x00,0x00,0x01,0x36,0x8a,0xcd,0xdd,0xee,0xdd,0xcb,0x97,0x42,0x00,0x00,0
  x00,0x00,0x00,0x00,0x00,0x00,0x00,0x00,0x00,0x00,0x00,0x01,0x47,0xac,0xee,0xee,0xee,0xee,0xee,0x
  ee,0xed,0xb8,0x52,0x00,0x00,0x00,0x00,0x00,0x00,0x00,0x00,0x00,0x00,0x00,0x00,0x36,0xad,0xee,0xe
  e,0xdc,0xba,0xaa,0xab,0xcd,0xee,0xee,0xb8,0x41,0x00,0x00,0x00,0x00,0x00,0x00,0x00,0x00,0x00,0x00
  ,0x14,0x9c,0xee,0xed,0xa8,0x64,0x32,0x22,0x34,0x57,0xac,0xee,0xed,0xa5,0x10,0x00,0x00,0x00,0x00,
  0x00,0x00,0x00,0x00,0x01,0x5a,0xee,0xec,0x96,0x31,0x00,0x00,0x00,0x00,0x01,0x36,0x9c,0xee,0xeb,0
  x61,0x00,0x00,0x00,0x00,0x00,0x00,0x00,0x00,0x16,0xbe,0xee,0xa6,0x31,0x00,0x00,0x00,0x00,0x00,0x
  00,0x00,0x36,0xae,0xee,0xb6,0x10,0x00,0x00,0x00,0x00,0x00,0x00,0x01,0x5b,0xee,0xd9,0x41,0x00,0x0
  0,0x00,0x00,0x00,0x00,0x00,0x00,0x01,0x59,0xde,0xea,0x50,0x00,0x00,0x00,0x00,0x00,0x00,0x04,0xae
  ,0xed,0x94,0x00,0x01,0x11,0x11,0x11,0x00,0x00,0x00,0x00,0x00,0x14,0x9e,0xed,0x93,0x00,0x00,0x00,
  0x00,0x00,0x00,0x28,0xde,0xe9,0x40,0x00,0x11,0x11,0x21,0x11,0x10,0x00,0x00,0x00,0x00,0x01,0x5b,0
  xee,0xc6,0x10,0x00,0x00,0x00,0x00,0x00,0x5b,0xee,0xa5,0x00,0x01,0x12,0x44,0x32,0x22,0x11,0x00,0x
  00,0x00,0x00,0x00,0x17,0xce,0xe9,0x30,0x00,0x00,0x00,0x00,0x02,0x8e,0xed,0x71,0x00,0x11,0x3b,0xe
  e,0x84,0x32,0x21,0x10,0x00,0x00,0x00,0x00,0x04,0xae,0xec,0x50,0x00,0x00,0x00,0x00,0x05,0xbe,0xea
  ,0x30,0x00,0x11,0x9f,0xff,0xe6,0x43,0x21,0x10,0x00,0x00,0x00,0x00,0x01,0x7d,0xed,0x71,0x00,0x00,
  0x00,0x00,0x17,0xde,0xd7,0x10,0x00,0x12,0xbf,0xff,0xf8,0x54,0x21,0x12,0x65,0x10,0x00,0x00,0x00,0
  x5b,0xee,0x93,0x00,0x00,0x00,0x00,0x29,0xee,0xc5,0x00,0x00,0x12,0x8f,0xff,0xe6,0x54,0x32,0x4d,0x
  ff,0xa1,0x00,0x00,0x00,0x3a,0xee,0xa4,0x00,0x00,0x00,0x00,0x3a,0xee,0xa4,0x00,0x00,0x12,0x39,0xd
  c,0x86,0x54,0x22,0xaf,0xff,0xf5,0x10,0x00,0x00,0x39,0xee,0xb4,0x00,0x00,0x00,0x00,0x4b,0xee,0x93
  ,0x00,0x00,0x11,0x23,0x45,0x55,0x43,0x22,0xbf,0xff,0xf6,0x11,0x00,0x00,0x29,0xee,0xb4,0x00,0x00,
  0x00,0x00,0x4b,0xee,0x92,0x00,0x00,0x11,0x23,0x34,0x44,0x32,0x23,0x7f,0xff,0xd4,0x21,0x00,0x00,0
  x39,0xee,0xb4,0x00,0x00,0x00,0x00,0x4b,0xee,0x93,0x00,0x00,0x01,0x12,0x23,0x33,0x22,0x23,0x58,0x
  bb,0x63,0x21,0x10,0x00,0x4a,0xee,0xa3,0x00,0x00,0x00,0x00,0x4a,0xee,0xa3,0x00,0x00,0x00,0x11,0x1
  2,0x22,0x13,0x66,0x56,0x66,0x53,0x21,0x10,0x00,0x5c,0xee,0x92,0x00,0x00,0x00,0x00,0x39,0xee,0xb5
  ,0x00,0x00,0x00,0x01,0x11,0x11,0x4d,0xff,0xb6,0x66,0x53,0x21,0x10,0x01,0x7d,0xed,0x71,0x00,0x00,
  0x00,0x00,0x17,0xde,0xd7,0x10,0x00,0x00,0x00,0x00,0x01,0xaf,0xff,0xf7,0x55,0x43,0x21,0x10,0x03,0
  xae,0xeb,0x50,0x00,0x00,0x00,0x00,0x05,0xce,0xea,0x40,0x00,0x00,0x00,0x00,0x00,0xbf,0xff,0xf7,0x
  44,0x32,0x11,0x00,0x17,0xde,0xe8,0x20,0x00,0x00,0x00,0x00,0x03,0x9e,0xec,0x71,0x00,0x00,0x00,0x0
  0,0x00,0x7f,0xff,0xd4,0x33,0x22,0x11,0x01,0x5a,0xee,0xb5,0x00,0x00,0x00,0x00,0x00,0x01,0x6c,0xee
  ,0xb5,0x10,0x00,0x00,0x00,0x00,0x17,0xba,0x42,0x22,0x11,0x10,0x04,0x9e,0xed,0x82,0x00,0x00,0x00,
  0x00,0x00,0x00,0x39,0xde,0xe9,0x41,0x00,0x00,0x00,0x00,0x00,0x11,0x11,0x11,0x10,0x00,0x49,0xde,0
  xea,0x40,0x00,0x00,0x00,0x00,0x00,0x00,0x05,0xae,0xed,0x95,0x10,0x00,0x00,0x00,0x00,0x00,0x00,0x
  00,0x00,0x14,0x9d,0xee,0xb5,0x10,0x00,0x00,0x00,0x00,0x00,0x00,0x01,0x6b,0xee,0xea,0x63,0x00,0x0
  0,0x00,0x00,0x00,0x00,0x00,0x13,0x6a,0xee,0xeb,0x61,0x00,0x00,0x00,0x00,0x00,0x00,0x00,0x00,0x16
  ,0xbe,0xee,0xc9,0x63,0x10,0x00,0x00,0x00,0x00,0x13,0x69,0xce,0xee,0xa5,0x10,0x00,0x00,0x00,0x00,
  0x00,0x00,0x00,0x00,0x01,0x5a,0xde,0xee,0xca,0x75,0x43,0x22,0x23,0x46,0x8a,0xde,0xee,0xc9,0x41,0
  x00,0x00,0x00,0x00,0x00,0x00,0x00,0x00,0x00,0x00,0x14,0x8b,0xee,0xee,0xdc,0xba,0xaa,0xab,0xcd,0x
  ee,0xee,0xda,0x63,0x00,0x00,0x00,0x00,0x00,0x00,0x00,0x00,0x00,0x00,0x00,0x00,0x25,0x8b,0xde,0xe
  e,0xee,0xee,0xee,0xee,0xee,0xca,0x74,0x10,0x00,0x00,0x00,0x00,0x00,0x00,0x00,0x00,0x00,0x00,0x00
  ,0x00,0x00,0x24,0x79,0xbc,0xdd,0xee,0xdd,0xdc,0xa8,0x63,0x10,0x00,0x00,0x00,0x00,0x00,0x00,0x00,
  0x00,0x00,0x00,0x00,0x00,0x00,0x00,0x00,0x12,0x35,0x67,0x77,0x76,0x54,0x31,0x00,0x00,0x00,0x00,0
  x00,0x00,0x00,0x00,0x00,0x00,0x00,0x00,0x00,0x00,0x00,0x00,0x00,0x00,0x00,0x01,0x11,0x10,0x00,0x
  00,0x00,0x00,0x00,0x00,0x00,0x00,0x00,0x00,0x00,0x00,0x00,0x00,0x00,0x00,0x00,0x00,0x00,0x00,0x0
  0,0x00,0x00,0x00,0x00,0x00,0x00,0x00,0x00,0x00,0x00,0x00,0x00,0x00,0x00,0x00,0x00,0x00,0x00,0x00
  ,0x00,0x00,0x00,0x00,0x00,0x00,0x00,0x00,0x00,0x00,0x00,0x00,0x00,0x00,0x00,0x00,0x00,0x00,0x00,
  0x00,0x00,0x00,0x00,0x00,0x00,0x00,0x00,0x00,0x00,0x00,0x00,0x00,0x00,0x00,0x00,0x00,0x00,0x00,0
  x00,0x00,0x00,0x00,0x00,0x00,0x00,0x00,0x00,0x00,0x00,0x00,0x00,0x00,0x00,0x00,0x00,0x00,0x00,0x
  00,0x00,0x00,0x00,0x00,0x00,0x00,0x00,0x00,0x00,0x00,0x00,0x00,0x00,0x00,0x00,0x00,0x00,0x00,0x0
  0,0x00,0x00,0x00,0x00,0x00,0x00,0x00,0x00,0x00,0x00,0x00,0x00,0x00,0x00,0x00,0x00,0x00,0x00,0x00
  ,0x00,0x00,0x00,0x00,0x00,0x00,0x00,0x00,0x00,0x00,0x00,0x00,0x00,0x00,0x00,0x00,0x00,0x00,0x00
};

const lv_img_dsc_t dso_neb_hii_48 = {
  .header.cf = LV_IMG_CF_ALPHA_4BIT,
  .header.always_zero = 0,
  .header.w = 48,
  .header.h = 48,
  .data_size = 1152,
  .data = dso_neb_hii_48_map,
};

static const uint8_t dso_neb_bright_48_map[] = {
  0x00,0x00,0x00,0x00,0x00,0x00,0x00,0x00,0x00,0x00,0x00,0x00,0x00,0x00,0x00,0x00,0x00,0x00,0x00,0
  x00,0x00,0x00,0x00,0x00,0x00,0x00,0x00,0x00,0x00,0x00,0x00,0x00,0x00,0x00,0x00,0x00,0x00,0x00,0x
  00,0x00,0x00,0x00,0x00,0x00,0x00,0x00,0x00,0x00,0x00,0x00,0x00,0x00,0x00,0x00,0x00,0x00,0x00,0x0
  0,0x00,0x00,0x00,0x00,0x00,0x00,0x00,0x00,0x00,0x00,0x00,0x00,0x00,0x00,0x00,0x00,0x00,0x00,0x00
  ,0x00,0x00,0x00,0x00,0x00,0x00,0x00,0x00,0x00,0x00,0x00,0x00,0x00,0x00,0x00,0x00,0x00,0x00,0x00,
  0x00,0x00,0x00,0x00,0x00,0x00,0x00,0x00,0x00,0x00,0x00,0x00,0x00,0x00,0x00,0x11,0x11,0x11,0x11,0
  x11,0x00,0x00,0x00,0x00,0x00,0x00,0x00,0x00,0x00,0x00,0x00,0x00,0x00,0x00,0x00,0x00,0x00,0x11,0x
  11,0x11,0x11,0x11,0x11,0x11,0x11,0x10,0x00,0x00,0x00,0x00,0x00,0x00,0x00,0x00,0x00,0x00,0x00,0x0
  0,0x00,0x11,0x11,0x11,0x11,0x11,0x11,0x11,0x11,0x11,0x11,0x11,0x10,0x00,0x00,0x00,0x00,0x00,0x00
  ,0x00,0x00,0x00,0x00,0x00,0x11,0x11,0x11,0x11,0x11,0x11,0x22,0x21,0x11,0x11,0x11,0x11,0x11,0x10,
  0x00,0x00,0x00,0x00,0x00,0x00,0x00,0x00,0x00,0x11,0x11,0x11,0x11,0x22,0x22,0x22,0x22,0x22,0x22,0
  x22,0x11,0x11,0x11,0x11,0x00,0x00,0x00,0x00,0x00,0x00,0x00,0x00,0x11,0x11,0x11,0x12,0x22,0x22,0x
  23,0x33,0x33,0x32,0x22,0x22,0x22,0x11,0x11,0x11,0x00,0x00,0x00,0x00,0x00,0x00,0x00,0x11,0x11,0x1
  1,0x22,0x22,0x23,0x33,0x33,0x33,0x33,0x33,0x33,0x32,0x22,0x21,0x11,0x11,0x00,0x00,0x00,0x00,0x00
  ,0x00,0x11,0x11,0x11,0x22,0x22,0x33,0x34,0x44,0x44,0x44,0x44,0x44,0x43,0x33,0x22,0x22,0x11,0x11,
  0x00,0x00,0x00,0x00,0x00,0x01,0x11,0x11,0x22,0x23,0x33,0x44,0x45,0x55,0x55,0x55,0x55,0x55,0x44,0
  x43,0x32,0x22,0x21,0x11,0x00,0x00,0x00,0x00,0x00,0x11,0x11,0x12,0x22,0x33,0x44,0x55,0x56,0x66,0x
  66,0x66,0x66,0x65,0x55,0x44,0x33,0x22,0x21,0x11,0x00,0x00,0x00,0x00,0x11,0x11,0x12,0x22,0x33,0x4
  4,0x55,0x66,0x77,0x78,0x88,0x87,0x77,0x76,0x65,0x54,0x43,0x32,0x22,0x11,0x00,0x00,0x00,0x01,0x11
  ,0x11,0x22,0x33,0x44,0x55,0x67,0x78,0x88,0x99,0x99,0x99,0x88,0x77,0x66,0x54,0x43,0x32,0x22,0x11,
  0x00,0x00,0x00,0x11,0x11,0x12,0x23,0x34,0x45,0x67,0x78,0x99,0xaa,0xaa,0xaa,0xaa,0x99,0x88,0x76,0
  x55,0x44,0x32,0x22,0x11,0x00,0x00,0x01,0x11,0x12,0x22,0x33,0x45,0x56,0x78,0x99,0xab,0xbb,0xcc,0x
  cc,0xbb,0xaa,0x98,0x76,0x65,0x44,0x32,0x22,0x11,0x00,0x00,0x11,0x11,0x22,0x23,0x44,0x56,0x77,0x8
  9,0xab,0xcc,0xdd,0xdd,0xdd,0xcc,0xba,0x98,0x87,0x65,0x44,0x32,0x22,0x11,0x00,0x01,0x11,0x12,0x22
  ,0x34,0x45,0x67,0x89,0xab,0xbc,0xde,0xee,0xee,0xee,0xdc,0xcb,0xa9,0x87,0x65,0x44,0x32,0x22,0x11,
  0x00,0x11,0x11,0x12,0x23,0x44,0x56,0x78,0x9a,0xbc,0xde,0xef,0xff,0xff,0xfe,0xed,0xcb,0xa9,0x87,0
  x65,0x43,0x32,0x21,0x11,0x00,0x11,0x11,0x22,0x33,0x45,0x67,0x89,0xab,0xcd,0xef,0xff,0xff,0xff,0x
  ff,0xed,0xcb,0xa9,0x87,0x65,0x43,0x32,0x21,0x11,0x01,0x11,0x12,0x23,0x34,0x56,0x78,0x9a,0xbc,0xd
  e,0xff,0xff,0xff,0xff,0xff,0xed,0xcb,0x98,0x76,0x54,0x43,0x22,0x21,0x11,0x11,0x11,0x22,0x23,0x44
  ,0x56,0x78,0xab,0xcd,0xef,0xff,0xff,0xff,0xff,0xff,0xec,0xba,0x98,0x76,0x54,0x33,0x22,0x11,0x11,
  0x11,0x11,0x22,0x33,0x45,0x67,0x89,0xab,0xce,0xff,0xff,0xff,0xff,0xff,0xfe,0xdc,0xba,0x87,0x65,0
  x44,0x32,0x22,0x11,0x11,0x11,0x12,0x22,0x34,0x45,0x67,0x89,0xbc,0xde,0xff,0xff,0xff,0xff,0xff,0x
  ed,0xcb,0xa9,0x87,0x65,0x43,0x32,0x21,0x11,0x10,0x11,0x12,0x23,0x34,0x56,0x78,0x9a,0xbc,0xde,0xf
  f,0xff,0xff,0xff,0xfe,0xdc,0xba,0x98,0x76,0x54,0x33,0x22,0x11,0x11,0x00,0x11,0x12,0x23,0x34,0x56
  ,0x78,0x9a,0xbc,0xde,0xef,0xff,0xff,0xfe,0xed,0xcb,0xa9,0x87,0x65,0x44,0x32,0x21,0x11,0x11,0x00,
  0x11,0x22,0x23,0x44,0x56,0x78,0x9a,0xbc,0xcd,0xee,0xee,0xee,0xed,0xcb,0xba,0x98,0x76,0x54,0x43,0
  x22,0x21,0x11,0x10,0x00,0x11,0x22,0x23,0x44,0x56,0x78,0x89,0xab,0xcc,0xdd,0xdd,0xdd,0xcc,0xba,0x
  98,0x77,0x65,0x44,0x32,0x22,0x11,0x11,0x00,0x00,0x11,0x22,0x23,0x44,0x56,0x67,0x89,0xaa,0xbb,0xc
  c,0xcc,0xbb,0xba,0x99,0x87,0x65,0x54,0x33,0x22,0x21,0x11,0x10,0x00,0x00,0x11,0x22,0x23,0x44,0x55
  ,0x67,0x88,0x99,0xaa,0xaa,0xaa,0xaa,0x99,0x87,0x76,0x54,0x43,0x32,0x21,0x11,0x11,0x00,0x00,0x00,
  0x11,0x22,0x23,0x34,0x45,0x66,0x77,0x88,0x99,0x99,0x99,0x88,0x87,0x76,0x55,0x44,0x33,0x22,0x11,0
  x11,0x10,0x00,0x00,0x00,0x11,0x22,0x23,0x34,0x45,0x56,0x67,0x77,0x78,0x88,0x87,0x77,0x66,0x55,0x
  44,0x33,0x22,0x21,0x11,0x11,0x00,0x00,0x00,0x00,0x11,0x12,0x22,0x33,0x44,0x55,0x56,0x66,0x66,0x6
  6,0x66,0x65,0x55,0x44,0x33,0x22,0x21,0x11,0x11,0x00,0x00,0x00,0x00,0x00,0x11,0x12,0x22,0x23,0x34
  ,0x44,0x55,0x55,0x55,0x55,0x55,0x54,0x44,0x33,0x32,0x22,0x11,0x11,0x10,0x00,0x00,0x00,0x00,0x00,
  0x11,0x11,0x22,0x22,0x33,0x34,0x44,0x44,0x44,0x44,0x44,0x43,0x33,0x22,0x22,0x11,0x11,0x11,0x00,0
  x00,0x00,0x00,0x00,0x00,0x11,0x11,0x12,0x22,0x23,0x33,0x33,0x33,0x33,0x33,0x33,0x32,0x22,0x22,0x
  11,0x11,0x11,0x00,0x00,0x00,0x00,0x00,0x00,0x00,0x11,0x11,0x11,0x22,0x22,0x22,0x23,0x33,0x33,0x3
  2,0x22,0x22,0x21,0x11,0x11,0x11,0x00,0x00,0x00,0x00,0x00,0x00,0x00,0x00,0x11,0x11,0x11,0x11,0x22
  ,0x22,0x22,0x22,0x22,0x22,0x22,0x11,0x11,0x11,0x11,0x00,0x00,0x00,0x00,0x00,0x00,0x00,0x00,0x00,
  0x01,0x11,0x11,0x11,0x11,0x11,0x12,0x22,0x11,0x11,0x11,0x11,0x11,0x11,0x00,0x00,0x00,0x00,0x00,0
  x00,0x00,0x00,0x00,0x00,0x00,0x01,0x11,0x11,0x11,0x11,0x11,0x11,0x11,0x11,0x11,0x11,0x11,0x00,0x
  00,0x00,0x00,0x00,0x00,0x00,0x00,0x00,0x00,0x00,0x00,0x00,0x01,0x11,0x11,0x11,0x11,0x11,0x11,0x1
  1,0x11,0x00,0x00,0x00,0x00,0x00,0x00,0x00,0x00,0x00,0x00,0x00,0x00,0x00,0x00,0x00,0x00,0x00,0x11
  ,0x11,0x11,0x11,0x11,0x00,0x00,0x00,0x00,0x00,0x00,0x00,0x00,0x00,0x00,0x00,0x00,0x00,0x00,0x00,
  0x00,0x00,0x00,0x00,0x00,0x00,0x00,0x00,0x00,0x00,0x00,0x00,0x00,0x00,0x00,0x00,0x00,0x00,0x00,0
  x00,0x00,0x00,0x00,0x00,0x00,0x00,0x00,0x00,0x00,0x00,0x00,0x00,0x00,0x00,0x00,0x00,0x00,0x00,0x
  00,0x00,0x00,0x00,0x00,0x00,0x00,0x00,0x00,0x00,0x00,0x00,0x00,0x00,0x00,0x00,0x00,0x00,0x00,0x0
  0,0x00,0x00,0x00,0x00,0x00,0x00,0x00,0x00,0x00,0x00,0x00,0x00,0x00,0x00,0x00,0x00,0x00,0x00,0x00
  ,0x00,0x00,0x00,0x00,0x00,0x00,0x00,0x00,0x00,0x00,0x00,0x00,0x00,0x00,0x00,0x00,0x00,0x00,0x00
};

const lv_img_dsc_t dso_neb_bright_48 = {
  .header.cf = LV_IMG_CF_ALPHA_4BIT,
  .header.always_zero = 0,
  .header.w = 48,
  .header.h = 48,
  .data_size = 1152,
  .data = dso_neb_bright_48_map,
};

static const uint8_t dso_cl_open_48_map[] = {
  0x00,0x00,0x00,0x00,0x00,0x00,0x00,0x00,0x00,0x00,0x00,0x00,0x00,0x00,0x00,0x00,0x00,0x00,0x00,0
  x00,0x00,0x00,0x00,0x00,0x00,0x00,0x00,0x00,0x00,0x00,0x00,0x00,0x00,0x00,0x00,0x00,0x00,0x00,0x
  00,0x00,0x00,0x00,0x00,0x00,0x00,0x00,0x00,0x00,0x00,0x00,0x00,0x00,0x00,0x00,0x00,0x00,0x00,0x0
  0,0x00,0x00,0x00,0x00,0x00,0x00,0x00,0x00,0x00,0x00,0x00,0x00,0x00,0x00,0x00,0x00,0x00,0x00,0x00
  ,0x00,0x00,0x00,0x00,0x00,0x00,0x00,0x00,0x00,0x00,0x00,0x00,0x00,0x00,0x00,0x00,0x00,0x00,0x00,
  0x00,0x00,0x00,0x00,0x00,0x00,0x00,0x00,0x00,0x00,0x00,0x00,0x00,0x00,0x00,0x00,0x00,0x00,0x00,0
  x00,0x00,0x00,0x00,0x00,0x00,0x00,0x00,0x00,0x00,0x00,0x00,0x00,0x00,0x00,0x00,0x00,0x00,0x00,0x
  00,0x00,0x00,0x00,0x00,0x00,0x00,0x00,0x00,0x00,0x00,0x00,0x00,0x00,0x00,0x00,0x00,0x00,0x00,0x0
  0,0x00,0x00,0x00,0x00,0x00,0x00,0x00,0x00,0x00,0x00,0x00,0x00,0x00,0x00,0x00,0x00,0x00,0x00,0x00
  ,0x00,0x00,0x00,0x00,0x00,0x00,0x00,0x00,0x00,0x00,0x00,0x00,0x00,0x00,0x00,0x00,0x00,0x00,0x00,
  0x00,0x00,0x00,0x00,0x00,0x00,0x00,0x00,0x00,0x00,0x00,0x00,0x11,0x00,0x00,0x00,0x00,0x00,0x00,0
  x00,0x00,0x00,0x00,0x00,0x00,0x00,0x00,0x00,0x00,0x00,0x00,0x00,0x00,0x00,0x00,0x2a,0xdd,0x70,0x
  00,0x00,0x00,0x00,0x00,0x00,0x00,0x00,0x00,0x00,0x00,0x00,0x00,0x00,0x00,0x00,0x00,0x00,0x00,0x0
  0,0x01,0xbf,0xff,0xf6,0x00,0x00,0x00,0x00,0x00,0x00,0x00,0x00,0x00,0x00,0x00,0x00,0x00,0x00,0x00
  ,0x00,0x00,0x00,0x00,0x00,0x03,0xef,0xff,0xfb,0x00,0x00,0x00,0x00,0x00,0x00,0x00,0x00,0x00,0x00,
  0x00,0x00,0x00,0x00,0x00,0x00,0x48,0x84,0x00,0x00,0x03,0xef,0xff,0xfb,0x00,0x00,0x00,0x00,0x00,0
  x00,0x00,0x00,0x00,0x00,0x00,0x00,0x00,0x00,0x00,0x08,0xff,0xff,0x80,0x00,0x01,0xbf,0xff,0xf6,0x
  00,0x00,0x00,0x00,0x00,0x00,0x00,0x00,0x00,0x00,0x00,0x00,0x00,0x00,0x00,0x4f,0xff,0xff,0xf4,0x0
  0,0x00,0x2a,0xdd,0x70,0x00,0x00,0x01,0x10,0x00,0x00,0x00,0x00,0x00,0x00,0x00,0x00,0x00,0x00,0x00
  ,0x8f,0xff,0xff,0xf8,0x00,0x00,0x00,0x11,0x00,0x00,0x02,0x9d,0xd9,0x20,0x00,0x00,0x00,0x00,0x00,
  0x00,0x00,0x00,0x00,0x00,0x8f,0xff,0xff,0xf8,0x00,0x00,0x00,0x00,0x00,0x00,0x1b,0xff,0xff,0xb1,0
  x00,0x00,0x00,0x00,0x00,0x00,0x00,0x00,0x00,0x00,0x4f,0xff,0xff,0xf4,0x00,0x00,0x00,0x00,0x00,0x
  00,0x4f,0xff,0xff,0xf4,0x00,0x00,0x00,0x00,0x00,0x00,0x00,0x00,0x00,0x00,0x08,0xff,0xff,0x80,0x0
  0,0x00,0x00,0x00,0x00,0x00,0x6f,0xff,0xff,0xf6,0x00,0x00,0x00,0x00,0x00,0x00,0x00,0x00,0x00,0x00
  ,0x00,0x48,0x84,0x00,0x00,0x00,0x00,0x00,0x00,0x00,0x4e,0xff,0xff,0xe4,0x00,0x00,0x00,0x00,0x00,
  0x00,0x00,0x00,0x00,0x00,0x00,0x00,0x00,0x00,0x00,0x00,0x00,0x00,0x00,0x00,0x09,0xff,0xff,0x90,0
  x00,0x00,0x00,0x00,0x00,0x00,0x00,0x00,0x00,0x00,0x00,0x00,0x00,0x00,0x00,0x00,0x00,0x00,0x00,0x
  00,0x01,0x7b,0xb7,0x10,0x00,0x00,0x00,0x00,0x00,0x00,0x00,0x00,0x00,0x00,0x00,0x00,0x00,0x13,0x3
  1,0x00,0x00,0x00,0x00,0x00,0x00,0x00,0x00,0x00,0x00,0x00,0x00,0x00,0x00,0x00,0x00,0x00,0x00,0x00
  ,0x00,0x00,0x03,0xbe,0xeb,0x30,0x00,0x00,0x00,0x11,0x00,0x00,0x00,0x00,0x00,0x00,0x00,0x00,0x00,
  0x00,0x00,0x00,0x00,0x00,0x00,0x00,0x1b,0xff,0xff,0xb1,0x00,0x00,0x18,0xdd,0xb4,0x00,0x00,0x00,0
  x00,0x00,0x00,0x00,0x00,0x00,0x00,0x00,0x00,0x00,0x00,0x00,0x3e,0xff,0xff,0xe3,0x00,0x01,0xaf,0x
  ff,0xfd,0x30,0x00,0x00,0x00,0x00,0x00,0x00,0x00,0x00,0x00,0x00,0x00,0x00,0x00,0x00,0x3e,0xff,0xf
  f,0xe3,0x00,0x04,0xff,0xff,0xff,0x90,0x00,0x00,0x00,0x00,0x00,0x00,0x00,0x00,0x00,0x00,0x00,0x00
  ,0x00,0x00,0x1b,0xff,0xff,0xb1,0x00,0x06,0xff,0xff,0xff,0xb0,0x00,0x00,0x00,0x00,0x00,0x00,0x00,
  0x00,0x00,0x00,0x00,0x00,0x00,0x00,0x03,0xbe,0xeb,0x30,0x00,0x04,0xff,0xff,0xff,0xa0,0x00,0x00,0
  x00,0x00,0x00,0x00,0x00,0x00,0x00,0x00,0x00,0x00,0x00,0x00,0x00,0x13,0x31,0x00,0x00,0x01,0xcf,0x
  ff,0xfe,0x40,0x00,0x00,0x00,0x00,0x00,0x00,0x00,0x00,0x00,0x00,0x00,0x00,0x03,0x65,0x10,0x00,0x0
  0,0x00,0x00,0x00,0x2b,0xef,0xd6,0x02,0x79,0x40,0x00,0x00,0x00,0x00,0x00,0x00,0x00,0x00,0x00,0x00
  ,0x6e,0xff,0xc2,0x00,0x00,0x00,0x11,0x00,0x01,0x33,0x10,0x2d,0xff,0xe6,0x00,0x00,0x00,0x00,0x00,
  0x00,0x00,0x00,0x00,0x02,0xdf,0xff,0xf9,0x00,0x00,0x17,0xdd,0xa3,0x00,0x00,0x00,0x7f,0xff,0xfd,0
  x10,0x00,0x00,0x00,0x00,0x00,0x00,0x00,0x00,0x03,0xff,0xff,0xfb,0x00,0x00,0x7f,0xff,0xfc,0x10,0x
  00,0x00,0x9f,0xff,0xfd,0x10,0x00,0x00,0x00,0x00,0x00,0x00,0x00,0x00,0x02,0xef,0xff,0xfa,0x00,0x0
  1,0xdf,0xff,0xff,0x50,0x00,0x00,0x4e,0xff,0xfa,0x00,0x00,0x00,0x00,0x00,0x00,0x00,0x00,0x00,0x00
  ,0x8f,0xff,0xd3,0x00,0x01,0xdf,0xff,0xff,0x60,0x00,0x00,0x06,0xdd,0xa2,0x00,0x00,0x00,0x00,0x00,
  0x00,0x00,0x00,0x00,0x00,0x05,0x98,0x20,0x00,0x00,0xaf,0xff,0xfe,0x30,0x00,0x00,0x00,0x11,0x00,0
  x00,0x00,0x00,0x00,0x00,0x00,0x00,0x00,0x00,0x00,0x00,0x00,0x00,0x00,0x00,0x3c,0xff,0xe6,0x00,0x
  00,0x00,0x00,0x00,0x00,0x00,0x00,0x00,0x00,0x00,0x00,0x00,0x00,0x00,0x00,0x00,0x00,0x00,0x00,0x0
  0,0x01,0x56,0x30,0x00,0x00,0x00,0x00,0x00,0x00,0x00,0x00,0x00,0x00,0x00,0x00,0x00,0x00,0x00,0x00
  ,0x00,0x00,0x00,0x00,0x00,0x00,0x00,0x00,0x00,0x00,0x00,0x00,0x00,0x00,0x00,0x00,0x00,0x00,0x00,
  0x00,0x00,0x00,0x00,0x00,0x00,0x00,0x00,0x00,0x00,0x00,0x00,0x00,0x00,0x00,0x00,0x00,0x00,0x00,0
  x00,0x00,0x00,0x00,0x00,0x00,0x00,0x00,0x00,0x00,0x00,0x00,0x00,0x00,0x00,0x00,0x00,0x00,0x00,0x
  00,0x00,0x00,0x00,0x00,0x00,0x00,0x00,0x00,0x00,0x00,0x00,0x00,0x00,0x00,0x00,0x00,0x00,0x00,0x0
  0,0x00,0x00,0x00,0x00,0x00,0x00,0x00,0x00,0x00,0x00,0x00,0x00,0x00,0x00,0x00,0x00,0x00,0x00,0x00
  ,0x00,0x00,0x00,0x00,0x00,0x00,0x00,0x00,0x00,0x00,0x00,0x00,0x00,0x00,0x00,0x00,0x00,0x00,0x00,
  0x00,0x00,0x00,0x00,0x00,0x00,0x00,0x00,0x00,0x00,0x00,0x00,0x00,0x00,0x00,0x00,0x00,0x00,0x00,0
  x00,0x00,0x00,0x00,0x00,0x00,0x00,0x00,0x00,0x00,0x00,0x00,0x00,0x00,0x00,0x00,0x00,0x00,0x00,0x
  00,0x00,0x00,0x00,0x00,0x00,0x00,0x00,0x00,0x00,0x00,0x00,0x00,0x00,0x00,0x00,0x00,0x00,0x00,0x0
  0,0x00,0x00,0x00,0x00,0x00,0x00,0x00,0x00,0x00,0x00,0x00,0x00,0x00,0x00,0x00,0x00,0x00,0x00,0x00
  ,0x00,0x00,0x00,0x00,0x00,0x00,0x00,0x00,0x00,0x00,0x00,0x00,0x00,0x00,0x00,0x00,0x00,0x00,0x00
};

const lv_img_dsc_t dso_cl_open_48 = {
  .header.cf = LV_IMG_CF_ALPHA_4BIT,
  .header.always_zero = 0,
  .header.w = 48,
  .header.h = 48,
  .data_size = 1152,
  .data = dso_cl_open_48_map,
};

static const uint8_t dso_cl_globular_48_map[] = {
  0x00,0x00,0x00,0x00,0x00,0x00,0x00,0x00,0x00,0x00,0x00,0x00,0x00,0x00,0x00,0x00,0x00,0x00,0x00,0
  x00,0x00,0x00,0x00,0x00,0x00,0x00,0x00,0x00,0x00,0x00,0x00,0x00,0x00,0x00,0x00,0x00,0x00,0x00,0x
  00,0x00,0x00,0x00,0x00,0x00,0x00,0x00,0x00,0x00,0x00,0x00,0x00,0x00,0x00,0x00,0x00,0x00,0x00,0x0
  0,0x00,0x00,0x00,0x00,0x00,0x00,0x00,0x00,0x00,0x00,0x00,0x00,0x00,0x00,0x00,0x00,0x00,0x00,0x00
  ,0x00,0x00,0x00,0x00,0x00,0x00,0x00,0x00,0x00,0x00,0x00,0x00,0x00,0x00,0x00,0x00,0x00,0x00,0x00,
  0x00,0x00,0x00,0x00,0x00,0x00,0x00,0x00,0x00,0x00,0x00,0x00,0x00,0x00,0x00,0x00,0x00,0x00,0x00,0
  x00,0x00,0x00,0x00,0x00,0x00,0x00,0x00,0x00,0x00,0x00,0x00,0x00,0x00,0x00,0x11,0x11,0x11,0x11,0x
  00,0x00,0x00,0x00,0x00,0x00,0x00,0x00,0x00,0x00,0x00,0x00,0x00,0x00,0x00,0x00,0x00,0x00,0x01,0x1
  2,0x34,0x55,0x55,0x43,0x21,0x10,0x00,0x00,0x00,0x00,0x00,0x00,0x00,0x00,0x00,0x00,0x00,0x00,0x00
  ,0x00,0x00,0x01,0x24,0x67,0x88,0x88,0x88,0x88,0x76,0x42,0x10,0x00,0x00,0x00,0x00,0x00,0x00,0x00,
  0x00,0x00,0x00,0x00,0x00,0x00,0x01,0x24,0x78,0x88,0x87,0x76,0x67,0x78,0x88,0x87,0x42,0x10,0x00,0
  x00,0x00,0x00,0x00,0x00,0x00,0x00,0x00,0x00,0x00,0x00,0x13,0x68,0x88,0x65,0x33,0x22,0x22,0x33,0x
  56,0x88,0x86,0x31,0x00,0x00,0x00,0x00,0x00,0x00,0x00,0x00,0x00,0x00,0x00,0x01,0x47,0x88,0x64,0x2
  2,0x22,0x33,0x33,0x22,0x22,0x46,0x88,0x74,0x10,0x00,0x00,0x00,0x00,0x00,0x00,0x00,0x00,0x00,0x00
  ,0x14,0x88,0x74,0x22,0x33,0x33,0x33,0x33,0x33,0x33,0x22,0x47,0x88,0x41,0x00,0x00,0x00,0x00,0x00,
  0x00,0x00,0x00,0x00,0x01,0x48,0x87,0x32,0x23,0x34,0x44,0x44,0x44,0x44,0x43,0x32,0x23,0x78,0x84,0
  x10,0x00,0x00,0x00,0x00,0x00,0x00,0x00,0x00,0x13,0x78,0x73,0x23,0x34,0x44,0x55,0x55,0x55,0x55,0x
  44,0x43,0x32,0x37,0x87,0x31,0x00,0x00,0x00,0x00,0x00,0x00,0x00,0x00,0x26,0x87,0x32,0x33,0x44,0x5
  5,0x66,0x66,0x66,0x66,0x55,0x44,0x33,0x23,0x78,0x62,0x00,0x00,0x00,0x00,0x00,0x00,0x00,0x01,0x48
  ,0x84,0x23,0x34,0x45,0x66,0x77,0x88,0x88,0x77,0x66,0x54,0x43,0x32,0x48,0x84,0x10,0x00,0x00,0x00,
  0x00,0x00,0x00,0x02,0x78,0x62,0x23,0x44,0x56,0x77,0x9c,0xdd,0xdd,0xc9,0x77,0x65,0x44,0x32,0x26,0
  x87,0x20,0x00,0x00,0x00,0x00,0x00,0x00,0x14,0x88,0x42,0x34,0x45,0x67,0x8c,0xdd,0xdd,0xdd,0xdd,0x
  c8,0x76,0x54,0x43,0x24,0x88,0x41,0x00,0x00,0x00,0x00,0x00,0x00,0x16,0x86,0x23,0x34,0x56,0x78,0xc
  d,0xdd,0xdd,0xdd,0xdd,0xdc,0x87,0x65,0x43,0x32,0x68,0x61,0x00,0x00,0x00,0x00,0x00,0x00,0x27,0x85
  ,0x23,0x44,0x56,0x7c,0xdd,0xdd,0xdd,0xdd,0xdd,0xdd,0xc7,0x65,0x44,0x32,0x58,0x72,0x00,0x00,0x00,
  0x00,0x00,0x01,0x38,0x83,0x23,0x45,0x67,0x9d,0xdd,0xdd,0xdd,0xdd,0xdd,0xdd,0xd9,0x76,0x54,0x32,0
  x38,0x83,0x10,0x00,0x00,0x00,0x00,0x01,0x48,0x73,0x23,0x45,0x67,0xcd,0xdd,0xdd,0xee,0xee,0xdd,0x
  dd,0xdc,0x76,0x54,0x32,0x37,0x84,0x10,0x00,0x00,0x00,0x00,0x01,0x58,0x72,0x33,0x45,0x68,0xdd,0xd
  d,0xde,0xef,0xfe,0xed,0xdd,0xdd,0x86,0x54,0x33,0x27,0x85,0x10,0x00,0x00,0x00,0x00,0x01,0x58,0x62
  ,0x33,0x45,0x68,0xdd,0xdd,0xde,0xff,0xff,0xed,0xdd,0xdd,0x86,0x54,0x33,0x26,0x85,0x10,0x00,0x00,
  0x00,0x00,0x01,0x58,0x62,0x33,0x45,0x68,0xdd,0xdd,0xde,0xff,0xff,0xed,0xdd,0xdd,0x86,0x54,0x33,0
  x26,0x85,0x10,0x00,0x00,0x00,0x00,0x01,0x58,0x72,0x33,0x45,0x68,0xdd,0xdd,0xde,0xef,0xfe,0xed,0x
  dd,0xdd,0x86,0x54,0x33,0x27,0x85,0x10,0x00,0x00,0x00,0x00,0x01,0x48,0x73,0x23,0x45,0x67,0xcd,0xd
  d,0xdd,0xee,0xee,0xdd,0xdd,0xdc,0x76,0x54,0x32,0x37,0x84,0x10,0x00,0x00,0x00,0x00,0x01,0x38,0x83
  ,0x23,0x45,0x67,0x9d,0xdd,0xdd,0xdd,0xdd,0xdd,0xdd,0xd9,0x76,0x54,0x32,0x38,0x83,0x10,0x00,0x00,
  0x00,0x00,0x00,0x27,0x85,0x23,0x44,0x56,0x7c,0xdd,0xdd,0xdd,0xdd,0xdd,0xdd,0xc7,0x65,0x44,0x32,0
  x58,0x72,0x00,0x00,0x00,0x00,0x00,0x00,0x16,0x86,0x23,0x34,0x56,0x78,0xcd,0xdd,0xdd,0xdd,0xdd,0x
  dc,0x87,0x65,0x43,0x32,0x68,0x61,0x00,0x00,0x00,0x00,0x00,0x00,0x14,0x88,0x42,0x34,0x45,0x67,0x8
  c,0xdd,0xdd,0xdd,0xdd,0xc8,0x76,0x54,0x43,0x24,0x88,0x41,0x00,0x00,0x00,0x00,0x00,0x00,0x02,0x78
  ,0x62,0x23,0x44,0x56,0x77,0x9c,0xdd,0xdd,0xc9,0x77,0x65,0x44,0x32,0x26,0x87,0x20,0x00,0x00,0x00,
  0x00,0x00,0x00,0x01,0x48,0x84,0x23,0x34,0x45,0x66,0x77,0x88,0x88,0x77,0x66,0x54,0x43,0x32,0x48,0
  x84,0x10,0x00,0x00,0x00,0x00,0x00,0x00,0x00,0x26,0x87,0x32,0x33,0x44,0x55,0x66,0x66,0x66,0x66,0x
  55,0x44,0x33,0x23,0x78,0x62,0x00,0x00,0x00,0x00,0x00,0x00,0x00,0x00,0x13,0x78,0x73,0x23,0x34,0x4
  4,0x55,0x55,0x55,0x55,0x44,0x43,0x32,0x37,0x87,0x31,0x00,0x00,0x00,0x00,0x00,0x00,0x00,0x00,0x01
  ,0x48,0x87,0x32,0x23,0x34,0x44,0x44,0x44,0x44,0x43,0x32,0x23,0x78,0x84,0x10,0x00,0x00,0x00,0x00,
  0x00,0x00,0x00,0x00,0x00,0x14,0x88,0x74,0x22,0x33,0x33,0x33,0x33,0x33,0x33,0x22,0x47,0x88,0x41,0
  x00,0x00,0x00,0x00,0x00,0x00,0x00,0x00,0x00,0x00,0x01,0x47,0x88,0x64,0x22,0x22,0x33,0x33,0x22,0x
  22,0x46,0x88,0x74,0x10,0x00,0x00,0x00,0x00,0x00,0x00,0x00,0x00,0x00,0x00,0x00,0x13,0x68,0x88,0x6
  5,0x33,0x22,0x22,0x33,0x56,0x88,0x86,0x31,0x00,0x00,0x00,0x00,0x00,0x00,0x00,0x00,0x00,0x00,0x00
  ,0x00,0x01,0x24,0x78,0x88,0x87,0x76,0x67,0x78,0x88,0x87,0x42,0x10,0x00,0x00,0x00,0x00,0x00,0x00,
  0x00,0x00,0x00,0x00,0x00,0x00,0x00,0x01,0x24,0x67,0x88,0x88,0x88,0x88,0x76,0x42,0x10,0x00,0x00,0
  x00,0x00,0x00,0x00,0x00,0x00,0x00,0x00,0x00,0x00,0x00,0x00,0x00,0x01,0x12,0x34,0x55,0x55,0x43,0x
  21,0x10,0x00,0x00,0x00,0x00,0x00,0x00,0x00,0x00,0x00,0x00,0x00,0x00,0x00,0x00,0x00,0x00,0x00,0x0
  0,0x11,0x11,0x11,0x11,0x00,0x00,0x00,0x00,0x00,0x00,0x00,0x00,0x00,0x00,0x00,0x00,0x00,0x00,0x00
  ,0x00,0x00,0x00,0x00,0x00,0x00,0x00,0x00,0x00,0x00,0x00,0x00,0x00,0x00,0x00,0x00,0x00,0x00,0x00,
  0x00,0x00,0x00,0x00,0x00,0x00,0x00,0x00,0x00,0x00,0x00,0x00,0x00,0x00,0x00,0x00,0x00,0x00,0x00,0
  x00,0x00,0x00,0x00,0x00,0x00,0x00,0x00,0x00,0x00,0x00,0x00,0x00,0x00,0x00,0x00,0x00,0x00,0x00,0x
  00,0x00,0x00,0x00,0x00,0x00,0x00,0x00,0x00,0x00,0x00,0x00,0x00,0x00,0x00,0x00,0x00,0x00,0x00,0x0
  0,0x00,0x00,0x00,0x00,0x00,0x00,0x00,0x00,0x00,0x00,0x00,0x00,0x00,0x00,0x00,0x00,0x00,0x00,0x00
  ,0x00,0x00,0x00,0x00,0x00,0x00,0x00,0x00,0x00,0x00,0x00,0x00,0x00,0x00,0x00,0x00,0x00,0x00,0x00
};

const lv_img_dsc_t dso_cl_globular_48 = {
  .header.cf = LV_IMG_CF_ALPHA_4BIT,
  .header.always_zero = 0,
  .header.w = 48,
  .header.h = 48,
  .data_size = 1152,
  .data = dso_cl_globular_48_map,
};

static const uint8_t dso_cl_open_neb_48_map[] = {
  0x00,0x00,0x00,0x00,0x00,0x00,0x00,0x00,0x00,0x00,0x00,0x00,0x00,0x00,0x00,0x00,0x00,0x00,0x00,0
  x00,0x00,0x00,0x00,0x00,0x00,0x00,0x00,0x00,0x00,0x00,0x00,0x00,0x00,0x00,0x00,0x00,0x00,0x00,0x
  00,0x00,0x00,0x00,0x00,0x00,0x00,0x00,0x00,0x00,0x00,0x00,0x00,0x00,0x00,0x00,0x00,0x00,0x00,0x0
  0,0x00,0x00,0x00,0x00,0x00,0x00,0x00,0x00,0x00,0x00,0x00,0x00,0x00,0x00,0x00,0x00,0x00,0x00,0x00
  ,0x00,0x00,0x00,0x00,0x00,0x00,0x00,0x00,0x00,0x00,0x00,0x00,0x00,0x00,0x00,0x00,0x00,0x00,0x00,
  0x00,0x00,0x00,0x00,0x00,0x00,0x00,0x00,0x00,0x00,0x00,0x00,0x00,0x00,0x00,0x00,0x00,0x00,0x00,0
  x00,0x00,0x00,0x00,0x00,0x00,0x00,0x00,0x00,0x00,0x00,0x00,0x00,0x00,0x00,0x00,0x00,0x00,0x00,0x
  00,0x00,0x00,0x00,0x00,0x00,0x00,0x00,0x00,0x00,0x00,0x00,0x00,0x00,0x00,0x00,0x00,0x00,0x00,0x0
  0,0x00,0x00,0x00,0x00,0x00,0x00,0x00,0x00,0x00,0x00,0x00,0x00,0x00,0x00,0x00,0x00,0x00,0x00,0x00
  ,0x00,0x00,0x00,0x00,0x00,0x00,0x00,0x00,0x00,0x00,0x00,0x00,0x00,0x00,0x00,0x00,0x00,0x00,0x00,
  0x00,0x00,0x00,0x00,0x00,0x00,0x00,0x00,0x00,0x00,0x11,0x11,0x11,0x11,0x00,0x00,0x00,0x00,0x00,0
  x00,0x00,0x00,0x00,0x00,0x00,0x00,0x00,0x00,0x00,0x00,0x00,0x00,0x01,0x11,0x11,0x11,0x11,0x11,0x
  11,0x10,0x00,0x00,0x00,0x00,0x00,0x00,0x00,0x00,0x00,0x00,0x00,0x00,0x00,0x00,0x00,0x01,0x11,0x1
  1,0x11,0x11,0x11,0x11,0x11,0x11,0x10,0x00,0x00,0x00,0x00,0x00,0x00,0x00,0x00,0x00,0x00,0x00,0x00
  ,0x00,0x00,0x11,0x11,0x11,0x11,0x11,0x11,0x22,0x11,0x11,0x11,0x00,0x00,0x00,0x00,0x00,0x00,0x00,
  0x00,0x00,0x00,0x00,0x00,0x00,0x01,0x11,0x11,0x11,0x11,0x11,0x28,0xdd,0xa3,0x11,0x11,0x10,0x00,0
  x00,0x00,0x00,0x00,0x00,0x00,0x00,0x00,0x00,0x00,0x00,0x11,0x11,0x11,0x11,0x22,0x22,0x8f,0xff,0x
  fc,0x21,0x11,0x11,0x00,0x00,0x00,0x00,0x00,0x00,0x00,0x00,0x00,0x00,0x00,0x01,0x11,0x37,0x97,0x3
  2,0x22,0x22,0xdf,0xff,0xff,0x51,0x11,0x11,0x10,0x00,0x00,0x00,0x00,0x00,0x00,0x00,0x00,0x00,0x00
  ,0x11,0x14,0xdf,0xff,0xc3,0x22,0x23,0xdf,0xff,0xff,0x61,0x11,0x11,0x11,0x00,0x00,0x00,0x00,0x00,
  0x00,0x00,0x00,0x00,0x00,0x11,0x2c,0xff,0xff,0xfa,0x33,0x33,0xaf,0xff,0xfe,0x42,0x11,0x11,0x11,0
  x00,0x00,0x00,0x00,0x00,0x00,0x00,0x00,0x00,0x01,0x11,0x3e,0xff,0xff,0xfd,0x33,0x33,0x4c,0xff,0x
  e7,0x22,0x21,0x11,0x11,0x10,0x00,0x00,0x00,0x00,0x00,0x00,0x00,0x00,0x01,0x11,0x3e,0xff,0xff,0xf
  d,0x33,0x33,0x34,0x67,0x43,0x22,0x22,0x11,0x11,0x10,0x00,0x00,0x00,0x00,0x00,0x00,0x00,0x00,0x01
  ,0x11,0x2c,0xff,0xff,0xfa,0x34,0x44,0x44,0x43,0x33,0x32,0x22,0x11,0x11,0x10,0x00,0x00,0x00,0x00,
  0x00,0x00,0x00,0x00,0x11,0x11,0x15,0xdf,0xff,0xc4,0x44,0x44,0x44,0x44,0x33,0x32,0x22,0x21,0x11,0
  x11,0x00,0x00,0x00,0x00,0x00,0x00,0x00,0x00,0x11,0x11,0x12,0x37,0x97,0x44,0x44,0x44,0x44,0x44,0x
  43,0x33,0x44,0x21,0x11,0x11,0x00,0x00,0x00,0x00,0x00,0x00,0x00,0x00,0x11,0x11,0x12,0x22,0x33,0x3
  4,0x44,0x44,0x44,0x44,0x43,0x6d,0xfe,0xa3,0x11,0x11,0x00,0x00,0x00,0x00,0x00,0x00,0x00,0x00,0x11
  ,0x11,0x12,0x22,0x33,0x34,0x44,0x44,0x44,0x44,0x45,0xef,0xff,0xfa,0x11,0x11,0x00,0x00,0x00,0x00,
  0x00,0x00,0x00,0x00,0x11,0x11,0x12,0x22,0x33,0x34,0x44,0x44,0x44,0x44,0x48,0xff,0xff,0xfe,0x31,0
  x11,0x00,0x00,0x00,0x00,0x00,0x00,0x00,0x00,0x11,0x11,0x12,0x22,0x33,0x34,0x44,0x44,0x44,0x44,0x
  49,0xff,0xff,0xff,0x41,0x11,0x00,0x00,0x00,0x00,0x00,0x00,0x00,0x00,0x11,0x11,0x12,0x22,0x33,0x4
  5,0x44,0x44,0x44,0x44,0x46,0xff,0xff,0xfd,0x21,0x11,0x00,0x00,0x00,0x00,0x00,0x00,0x00,0x00,0x11
  ,0x11,0x12,0x22,0x3a,0xef,0xc6,0x44,0x44,0x44,0x33,0xaf,0xff,0xe5,0x11,0x11,0x00,0x00,0x00,0x00,
  0x00,0x00,0x00,0x00,0x01,0x11,0x11,0x22,0x9f,0xff,0xfd,0x44,0x44,0x43,0x33,0x36,0x98,0x41,0x11,0
  x10,0x00,0x00,0x00,0x00,0x00,0x00,0x00,0x00,0x01,0x11,0x11,0x22,0xdf,0xff,0xff,0x63,0x33,0x47,0x
  96,0x32,0x22,0x11,0x11,0x10,0x00,0x00,0x00,0x00,0x00,0x00,0x00,0x00,0x01,0x11,0x11,0x12,0xdf,0xf
  f,0xff,0x63,0x34,0xcf,0xff,0xa2,0x21,0x11,0x11,0x10,0x00,0x00,0x00,0x00,0x00,0x00,0x00,0x00,0x00
  ,0x11,0x11,0x12,0x9f,0xff,0xfd,0x43,0x37,0xff,0xff,0xf5,0x11,0x11,0x11,0x00,0x00,0x00,0x00,0x00,
  0x00,0x00,0x00,0x00,0x00,0x11,0x11,0x11,0x2a,0xef,0xc5,0x22,0x29,0xff,0xff,0xf6,0x11,0x11,0x11,0
  x00,0x00,0x00,0x00,0x00,0x00,0x00,0x00,0x00,0x00,0x01,0x11,0x11,0x12,0x34,0x22,0x22,0x26,0xff,0x
  ff,0xe4,0x11,0x11,0x10,0x00,0x00,0x00,0x00,0x00,0x00,0x00,0x00,0x00,0x00,0x00,0x11,0x11,0x11,0x1
  1,0x22,0x22,0x22,0xaf,0xfe,0x81,0x11,0x11,0x00,0x00,0x00,0x00,0x00,0x00,0x00,0x00,0x00,0x00,0x00
  ,0x00,0x01,0x11,0x11,0x11,0x11,0x11,0x11,0x24,0x64,0x11,0x11,0x10,0x00,0x00,0x00,0x00,0x00,0x00,
  0x00,0x00,0x00,0x00,0x00,0x00,0x00,0x11,0x11,0x11,0x11,0x11,0x11,0x11,0x11,0x11,0x11,0x00,0x00,0
  x00,0x00,0x00,0x00,0x00,0x00,0x00,0x00,0x00,0x00,0x00,0x00,0x01,0x11,0x11,0x11,0x11,0x11,0x11,0x
  11,0x11,0x10,0x00,0x00,0x00,0x00,0x00,0x00,0x00,0x00,0x00,0x00,0x00,0x00,0x00,0x00,0x00,0x01,0x1
  1,0x11,0x11,0x11,0x11,0x11,0x10,0x00,0x00,0x00,0x00,0x00,0x00,0x00,0x00,0x00,0x00,0x00,0x00,0x00
  ,0x00,0x00,0x00,0x00,0x00,0x11,0x11,0x11,0x11,0x00,0x00,0x00,0x00,0x00,0x00,0x00,0x00,0x00,0x00,
  0x00,0x00,0x00,0x00,0x00,0x00,0x00,0x00,0x00,0x00,0x00,0x00,0x00,0x00,0x00,0x00,0x00,0x00,0x00,0
  x00,0x00,0x00,0x00,0x00,0x00,0x00,0x00,0x00,0x00,0x00,0x00,0x00,0x00,0x00,0x00,0x00,0x00,0x00,0x
  00,0x00,0x00,0x00,0x00,0x00,0x00,0x00,0x00,0x00,0x00,0x00,0x00,0x00,0x00,0x00,0x00,0x00,0x00,0x0
  0,0x00,0x00,0x00,0x00,0x00,0x00,0x00,0x00,0x00,0x00,0x00,0x00,0x00,0x00,0x00,0x00,0x00,0x00,0x00
  ,0x00,0x00,0x00,0x00,0x00,0x00,0x00,0x00,0x00,0x00,0x00,0x00,0x00,0x00,0x00,0x00,0x00,0x00,0x00,
  0x00,0x00,0x00,0x00,0x00,0x00,0x00,0x00,0x00,0x00,0x00,0x00,0x00,0x00,0x00,0x00,0x00,0x00,0x00,0
  x00,0x00,0x00,0x00,0x00,0x00,0x00,0x00,0x00,0x00,0x00,0x00,0x00,0x00,0x00,0x00,0x00,0x00,0x00,0x
  00,0x00,0x00,0x00,0x00,0x00,0x00,0x00,0x00,0x00,0x00,0x00,0x00,0x00,0x00,0x00,0x00,0x00,0x00,0x0
  0,0x00,0x00,0x00,0x00,0x00,0x00,0x00,0x00,0x00,0x00,0x00,0x00,0x00,0x00,0x00,0x00,0x00,0x00,0x00
  ,0x00,0x00,0x00,0x00,0x00,0x00,0x00,0x00,0x00,0x00,0x00,0x00,0x00,0x00,0x00,0x00,0x00,0x00,0x00
};

const lv_img_dsc_t dso_cl_open_neb_48 = {
  .header.cf = LV_IMG_CF_ALPHA_4BIT,
  .header.always_zero = 0,
  .header.w = 48,
  .header.h = 48,
  .data_size = 1152,
  .data = dso_cl_open_neb_48_map,
};

static const uint8_t dso_asterism_48_map[] = {
  0x00,0x00,0x00,0x00,0x00,0x00,0x00,0x00,0x00,0x00,0x00,0x00,0x00,0x00,0x00,0x00,0x00,0x00,0x00,0
  x00,0x00,0x00,0x00,0x00,0x00,0x00,0x00,0x00,0x00,0x00,0x00,0x00,0x00,0x00,0x00,0x00,0x00,0x00,0x
  00,0x00,0x00,0x00,0x00,0x00,0x00,0x00,0x00,0x00,0x00,0x00,0x00,0x00,0x00,0x00,0x00,0x00,0x00,0x0
  0,0x00,0x00,0x00,0x00,0x00,0x00,0x00,0x00,0x00,0x00,0x00,0x00,0x00,0x00,0x00,0x00,0x00,0x00,0x00
  ,0x00,0x00,0x00,0x00,0x00,0x00,0x00,0x00,0x00,0x00,0x00,0x00,0x00,0x00,0x00,0x00,0x00,0x00,0x00,
  0x00,0x00,0x00,0x00,0x00,0x00,0x00,0x00,0x00,0x00,0x00,0x00,0x00,0x00,0x00,0x00,0x00,0x00,0x00,0
  x00,0x00,0x00,0x00,0x00,0x00,0x00,0x00,0x00,0x00,0x00,0x00,0x00,0x00,0x00,0x00,0x00,0x00,0x00,0x
  00,0x00,0x00,0x00,0x00,0x00,0x00,0x00,0x00,0x00,0x00,0x00,0x00,0x00,0x00,0x00,0x00,0x00,0x00,0x0
  0,0x00,0x00,0x00,0x00,0x00,0x00,0x00,0x00,0x00,0x00,0x00,0x00,0x00,0x00,0x00,0x00,0x00,0x00,0x00
  ,0x00,0x00,0x00,0x00,0x00,0x00,0x00,0x00,0x00,0x00,0x00,0x00,0x00,0x00,0x00,0x00,0x00,0x00,0x00,
  0x00,0x00,0x00,0x00,0x00,0x00,0x00,0x00,0x00,0x00,0x15,0x98,0x30,0x00,0x00,0x00,0x00,0x00,0x00,0
  x00,0x00,0x00,0x00,0x00,0x00,0x00,0x00,0x00,0x00,0x00,0x00,0x00,0x00,0x01,0xaf,0xff,0xe6,0x00,0x
  00,0x00,0x00,0x00,0x00,0x00,0x00,0x00,0x00,0x00,0x00,0x00,0x00,0x00,0x00,0x00,0x00,0x00,0x00,0x0
  7,0xff,0xff,0xfe,0x20,0x00,0x00,0x00,0x00,0x00,0x00,0x00,0x00,0x00,0x00,0x00,0x00,0x00,0x00,0x00
  ,0x00,0x00,0x00,0x00,0x0b,0xff,0xff,0xff,0x50,0x00,0x00,0x00,0x00,0x00,0x00,0x00,0x00,0x00,0x00,
  0x00,0x00,0x00,0x00,0x00,0x00,0x00,0x00,0x00,0x0b,0xff,0xff,0xff,0x50,0x00,0x00,0x00,0x00,0x00,0
  x00,0x00,0x00,0x00,0x00,0x00,0x00,0x00,0x00,0x00,0x00,0x00,0x00,0x00,0x3a,0xff,0xff,0xfe,0xa5,0x
  10,0x00,0x00,0x00,0x00,0x00,0x00,0x00,0x00,0x00,0x00,0x00,0x00,0x00,0x00,0x00,0x48,0x84,0x16,0xb
  b,0xbf,0xff,0xe9,0xbb,0x93,0x00,0x13,0x31,0x00,0x00,0x00,0x00,0x00,0x00,0x00,0x00,0x00,0x00,0x00
  ,0x08,0xff,0xff,0xbb,0xa5,0x15,0x98,0x30,0x38,0xbb,0x85,0xce,0xec,0x40,0x00,0x00,0x00,0x00,0x00,
  0x00,0x00,0x00,0x00,0x00,0x4f,0xff,0xff,0xf9,0x20,0x00,0x00,0x00,0x00,0x49,0xbe,0xff,0xff,0xd2,0
  x00,0x00,0x00,0x00,0x00,0x00,0x00,0x00,0x00,0x00,0x8f,0xff,0xff,0xf8,0x00,0x00,0x00,0x00,0x00,0x
  01,0x9f,0xff,0xff,0xf7,0x00,0x00,0x00,0x00,0x00,0x00,0x00,0x00,0x00,0x00,0x8f,0xff,0xff,0xf8,0x0
  0,0x00,0x00,0x00,0x00,0x00,0x9f,0xff,0xff,0xf9,0x00,0x00,0x00,0x00,0x00,0x00,0x00,0x00,0x00,0x00
  ,0x4f,0xff,0xff,0xf4,0x00,0x00,0x00,0x00,0x00,0x00,0x6f,0xff,0xff,0xf6,0x00,0x00,0x00,0x00,0x00,
  0x00,0x00,0x00,0x00,0x00,0x08,0xff,0xff,0x80,0x00,0x00,0x00,0x00,0x00,0x00,0x1c,0xff,0xff,0xc1,0
  x00,0x00,0x00,0x00,0x00,0x00,0x00,0x00,0x00,0x00,0x00,0x48,0x84,0x00,0x00,0x00,0x00,0x00,0x00,0x
  00,0x05,0xcd,0xda,0x20,0x00,0x00,0x00,0x00,0x00,0x00,0x00,0x00,0x00,0x00,0x00,0x00,0x00,0x00,0x0
  0,0x00,0x00,0x00,0x00,0x00,0x09,0xb4,0x10,0x00,0x00,0x00,0x00,0x00,0x00,0x00,0x00,0x00,0x00,0x00
  ,0x00,0x00,0x00,0x00,0x00,0x00,0x00,0x00,0x00,0x00,0x3b,0x90,0x00,0x00,0x00,0x00,0x00,0x00,0x00,
  0x00,0x00,0x00,0x00,0x00,0x00,0x00,0x00,0x00,0x00,0x00,0x00,0x00,0x00,0x00,0x8b,0x40,0x00,0x00,0
  x00,0x00,0x00,0x00,0x00,0x00,0x00,0x00,0x00,0x00,0x00,0x00,0x00,0x00,0x00,0x00,0x00,0x00,0x00,0x
  02,0xba,0x10,0x00,0x00,0x00,0x00,0x00,0x00,0x00,0x00,0x00,0x00,0x00,0x00,0x00,0x00,0x00,0x00,0x0
  0,0x00,0x00,0x00,0x01,0x37,0xb6,0x00,0x00,0x00,0x00,0x00,0x00,0x00,0x00,0x00,0x00,0x00,0x00,0x00
  ,0x00,0x00,0x00,0x11,0x00,0x00,0x00,0x00,0x6d,0xfe,0xd3,0x00,0x00,0x00,0x00,0x00,0x00,0x00,0x00,
  0x00,0x00,0x00,0x00,0x00,0x00,0x00,0x4b,0xdd,0x81,0x00,0x00,0x04,0xef,0xff,0xfc,0x10,0x00,0x00,0
  x00,0x00,0x00,0x00,0x00,0x00,0x00,0x00,0x00,0x00,0x00,0x03,0xdf,0xff,0xfa,0x10,0x11,0x2a,0xff,0x
  ff,0xff,0x40,0x00,0x00,0x00,0x00,0x00,0x00,0x00,0x00,0x00,0x00,0x00,0x00,0x00,0x09,0xff,0xff,0xf
  f,0x99,0xaa,0xbd,0xff,0xff,0xff,0x60,0x00,0x00,0x00,0x00,0x00,0x00,0x00,0x00,0x00,0x00,0x00,0x00
  ,0x00,0x0b,0xff,0xff,0xff,0xbb,0xaa,0x9b,0xff,0xff,0xff,0x40,0x00,0x00,0x00,0x00,0x00,0x00,0x00,
  0x00,0x00,0x00,0x00,0x00,0x00,0x0a,0xff,0xff,0xff,0x52,0x10,0x03,0xdf,0xff,0xfa,0x10,0x00,0x00,0
  x00,0x00,0x00,0x00,0x00,0x00,0x00,0x00,0x00,0x00,0x00,0x04,0xef,0xff,0xfc,0x10,0x00,0x00,0x4b,0x
  dd,0x81,0x00,0x00,0x00,0x00,0x00,0x00,0x00,0x00,0x00,0x00,0x00,0x00,0x00,0x00,0x00,0x6d,0xfe,0xb
  2,0x00,0x00,0x00,0x00,0x11,0x00,0x00,0x00,0x00,0x00,0x00,0x00,0x00,0x00,0x00,0x00,0x00,0x00,0x00
  ,0x00,0x00,0x01,0x33,0x10,0x00,0x00,0x00,0x00,0x00,0x00,0x00,0x00,0x00,0x00,0x00,0x00,0x00,0x00,
  0x00,0x00,0x00,0x00,0x00,0x00,0x00,0x00,0x00,0x00,0x00,0x00,0x00,0x00,0x00,0x00,0x00,0x00,0x00,0
  x00,0x00,0x00,0x00,0x00,0x00,0x00,0x00,0x00,0x00,0x00,0x00,0x00,0x00,0x00,0x00,0x00,0x00,0x00,0x
  00,0x00,0x00,0x00,0x00,0x00,0x00,0x00,0x00,0x00,0x00,0x00,0x00,0x00,0x00,0x00,0x00,0x00,0x00,0x0
  0,0x00,0x00,0x00,0x00,0x00,0x00,0x00,0x00,0x00,0x00,0x00,0x00,0x00,0x00,0x00,0x00,0x00,0x00,0x00
  ,0x00,0x00,0x00,0x00,0x00,0x00,0x00,0x00,0x00,0x00,0x00,0x00,0x00,0x00,0x00,0x00,0x00,0x00,0x00,
  0x00,0x00,0x00,0x00,0x00,0x00,0x00,0x00,0x00,0x00,0x00,0x00,0x00,0x00,0x00,0x00,0x00,0x00,0x00,0
  x00,0x00,0x00,0x00,0x00,0x00,0x00,0x00,0x00,0x00,0x00,0x00,0x00,0x00,0x00,0x00,0x00,0x00,0x00,0x
  00,0x00,0x00,0x00,0x00,0x00,0x00,0x00,0x00,0x00,0x00,0x00,0x00,0x00,0x00,0x00,0x00,0x00,0x00,0x0
  0,0x00,0x00,0x00,0x00,0x00,0x00,0x00,0x00,0x00,0x00,0x00,0x00,0x00,0x00,0x00,0x00,0x00,0x00,0x00
  ,0x00,0x00,0x00,0x00,0x00,0x00,0x00,0x00,0x00,0x00,0x00,0x00,0x00,0x00,0x00,0x00,0x00,0x00,0x00,
  0x00,0x00,0x00,0x00,0x00,0x00,0x00,0x00,0x00,0x00,0x00,0x00,0x00,0x00,0x00,0x00,0x00,0x00,0x00,0
  x00,0x00,0x00,0x00,0x00,0x00,0x00,0x00,0x00,0x00,0x00,0x00,0x00,0x00,0x00,0x00,0x00,0x00,0x00,0x
  00,0x00,0x00,0x00,0x00,0x00,0x00,0x00,0x00,0x00,0x00,0x00,0x00,0x00,0x00,0x00,0x00,0x00,0x00,0x0
  0,0x00,0x00,0x00,0x00,0x00,0x00,0x00,0x00,0x00,0x00,0x00,0x00,0x00,0x00,0x00,0x00,0x00,0x00,0x00
  ,0x00,0x00,0x00,0x00,0x00,0x00,0x00,0x00,0x00,0x00,0x00,0x00,0x00,0x00,0x00,0x00,0x00,0x00,0x00
};

const lv_img_dsc_t dso_asterism_48 = {
  .header.cf = LV_IMG_CF_ALPHA_4BIT,
  .header.always_zero = 0,
  .header.w = 48,
  .header.h = 48,
  .data_size = 1152,
  .data = dso_asterism_48_map,
};

static const uint8_t dso_star_double_48_map[] = {
  0x00,0x00,0x00,0x00,0x00,0x00,0x00,0x00,0x00,0x00,0x00,0x00,0x00,0x00,0x00,0x00,0x00,0x00,0x00,0
  x00,0x00,0x00,0x00,0x00,0x00,0x00,0x00,0x00,0x00,0x00,0x00,0x00,0x00,0x00,0x00,0x00,0x00,0x00,0x
  00,0x00,0x00,0x00,0x00,0x00,0x00,0x00,0x00,0x00,0x00,0x00,0x00,0x00,0x00,0x00,0x00,0x00,0x00,0x0
  0,0x00,0x00,0x00,0x00,0x00,0x00,0x00,0x00,0x00,0x00,0x00,0x00,0x00,0x00,0x00,0x00,0x00,0x00,0x00
  ,0x00,0x00,0x00,0x00,0x00,0x00,0x00,0x00,0x00,0x00,0x00,0x00,0x00,0x00,0x00,0x00,0x00,0x00,0x00,
  0x00,0x00,0x00,0x00,0x00,0x00,0x00,0x00,0x00,0x00,0x00,0x00,0x00,0x00,0x00,0x00,0x00,0x00,0x00,0
  x00,0x00,0x00,0x00,0x00,0x00,0x00,0x00,0x00,0x00,0x00,0x00,0x00,0x00,0x00,0x00,0x00,0x00,0x00,0x
  00,0x00,0x00,0x00,0x00,0x00,0x00,0x00,0x00,0x00,0x00,0x00,0x00,0x00,0x00,0x00,0x00,0x00,0x00,0x0
  0,0x00,0x00,0x00,0x00,0x00,0x00,0x00,0x00,0x00,0x00,0x00,0x00,0x00,0x00,0x00,0x00,0x00,0x00,0x00
  ,0x00,0x00,0x00,0x00,0x00,0x00,0x00,0x00,0x00,0x00,0x00,0x00,0x00,0x00,0x00,0x00,0x00,0x00,0x00,
  0x00,0x00,0x00,0x00,0x00,0x00,0x00,0x00,0x00,0x00,0x00,0x00,0x00,0x00,0x00,0x00,0x00,0x00,0x00,0
  x00,0x00,0x00,0x00,0x00,0x00,0x00,0x00,0x00,0x00,0x00,0x00,0x00,0x00,0x00,0x00,0x00,0x00,0x00,0x
  00,0x00,0x00,0x00,0x00,0x00,0x00,0x00,0x00,0x00,0x00,0x00,0x00,0x00,0x00,0x00,0x00,0x00,0x00,0x0
  0,0x00,0x00,0x00,0x00,0x00,0x00,0x00,0x00,0x00,0x00,0x00,0x00,0x00,0x00,0x00,0x00,0x00,0x00,0x00
  ,0x00,0x00,0x00,0x00,0x00,0x00,0x00,0x00,0x00,0x00,0x00,0x00,0x00,0x00,0x00,0x00,0x00,0x00,0x00,
  0x00,0x00,0x00,0x00,0x00,0x00,0x00,0x00,0x00,0x00,0x00,0x00,0x00,0x00,0x00,0x00,0x00,0x00,0x00,0
  x00,0x00,0x00,0x00,0x00,0x00,0x00,0x00,0x00,0x00,0x00,0x00,0x00,0x00,0x00,0x00,0x00,0x00,0x00,0x
  00,0x00,0x00,0x00,0x00,0x00,0x00,0x00,0x00,0x00,0x00,0x00,0x00,0x00,0x00,0x00,0x00,0x00,0x00,0x0
  0,0x00,0x00,0x00,0x00,0x00,0x00,0x00,0x00,0x00,0x00,0x00,0x00,0x00,0x00,0x00,0x00,0x00,0x00,0x00
  ,0x00,0x00,0x00,0x00,0x00,0x00,0x00,0x00,0x00,0x00,0x00,0x00,0x00,0x00,0x00,0x00,0x00,0x00,0x00,
  0x00,0x00,0x00,0x00,0x00,0x00,0x00,0x13,0x32,0x10,0x00,0x00,0x00,0x00,0x00,0x00,0x00,0x00,0x00,0
  x00,0x00,0x00,0x00,0x00,0x00,0x00,0x00,0x00,0x00,0x00,0x29,0xde,0xfe,0xc7,0x10,0x00,0x00,0x00,0x
  00,0x00,0x00,0x00,0x00,0x00,0x00,0x00,0x00,0x00,0x00,0x00,0x00,0x00,0x00,0x05,0xdf,0xff,0xff,0xf
  f,0xc3,0x00,0x00,0x00,0x00,0x25,0x64,0x10,0x00,0x00,0x00,0x00,0x00,0x00,0x00,0x00,0x00,0x00,0x00
  ,0x4e,0xff,0xff,0xff,0xff,0xfd,0x20,0x00,0x00,0x18,0xef,0xff,0xd6,0x00,0x00,0x00,0x00,0x00,0x00,
  0x00,0x00,0x00,0x00,0x01,0xcf,0xff,0xff,0xff,0xff,0xff,0xa0,0x00,0x01,0xaf,0xff,0xff,0xff,0x80,0
  x00,0x00,0x00,0x00,0x00,0x00,0x00,0x00,0x00,0x05,0xff,0xff,0xff,0xff,0xff,0xff,0xe3,0x00,0x06,0x
  ff,0xff,0xff,0xff,0xe3,0x00,0x00,0x00,0x00,0x00,0x00,0x00,0x00,0x00,0x0a,0xff,0xff,0xff,0xff,0xf
  f,0xff,0xf7,0x00,0x0b,0xff,0xff,0xff,0xff,0xf9,0x00,0x00,0x00,0x00,0x00,0x00,0x00,0x00,0x00,0x0b
  ,0xff,0xff,0xff,0xff,0xff,0xff,0xf9,0x00,0x1d,0xff,0xff,0xff,0xff,0xfb,0x00,0x00,0x00,0x00,0x00,
  0x00,0x00,0x00,0x00,0x0b,0xff,0xff,0xff,0xff,0xff,0xff,0xf9,0x00,0x1d,0xff,0xff,0xff,0xff,0xfb,0
  x00,0x00,0x00,0x00,0x00,0x00,0x00,0x00,0x00,0x0a,0xff,0xff,0xff,0xff,0xff,0xff,0xf7,0x00,0x0b,0x
  ff,0xff,0xff,0xff,0xf9,0x00,0x00,0x00,0x00,0x00,0x00,0x00,0x00,0x00,0x05,0xff,0xff,0xff,0xff,0xf
  f,0xff,0xe3,0x00,0x06,0xff,0xff,0xff,0xff,0xe3,0x00,0x00,0x00,0x00,0x00,0x00,0x00,0x00,0x00,0x01
  ,0xcf,0xff,0xff,0xff,0xff,0xff,0xa0,0x00,0x01,0xaf,0xff,0xff,0xff,0x80,0x00,0x00,0x00,0x00,0x00,
  0x00,0x00,0x00,0x00,0x00,0x4e,0xff,0xff,0xff,0xff,0xfd,0x20,0x00,0x00,0x18,0xef,0xff,0xd6,0x00,0
  x00,0x00,0x00,0x00,0x00,0x00,0x00,0x00,0x00,0x00,0x05,0xdf,0xff,0xff,0xff,0xc3,0x00,0x00,0x00,0x
  00,0x25,0x64,0x10,0x00,0x00,0x00,0x00,0x00,0x00,0x00,0x00,0x00,0x00,0x00,0x00,0x29,0xde,0xfe,0xc
  7,0x10,0x00,0x00,0x00,0x00,0x00,0x00,0x00,0x00,0x00,0x00,0x00,0x00,0x00,0x00,0x00,0x00,0x00,0x00
  ,0x00,0x00,0x13,0x32,0x10,0x00,0x00,0x00,0x00,0x00,0x00,0x00,0x00,0x00,0x00,0x00,0x00,0x00,0x00,
  0x00,0x00,0x00,0x00,0x00,0x00,0x00,0x00,0x00,0x00,0x00,0x00,0x00,0x00,0x00,0x00,0x00,0x00,0x00,0
  x00,0x00,0x00,0x00,0x00,0x00,0x00,0x00,0x00,0x00,0x00,0x00,0x00,0x00,0x00,0x00,0x00,0x00,0x00,0x
  00,0x00,0x00,0x00,0x00,0x00,0x00,0x00,0x00,0x00,0x00,0x00,0x00,0x00,0x00,0x00,0x00,0x00,0x00,0x0
  0,0x00,0x00,0x00,0x00,0x00,0x00,0x00,0x00,0x00,0x00,0x00,0x00,0x00,0x00,0x00,0x00,0x00,0x00,0x00
  ,0x00,0x00,0x00,0x00,0x00,0x00,0x00,0x00,0x00,0x00,0x00,0x00,0x00,0x00,0x00,0x00,0x00,0x00,0x00,
  0x00,0x00,0x00,0x00,0x00,0x00,0x00,0x00,0x00,0x00,0x00,0x00,0x00,0x00,0x00,0x00,0x00,0x00,0x00,0
  x00,0x00,0x00,0x00,0x00,0x00,0x00,0x00,0x00,0x00,0x00,0x00,0x00,0x00,0x00,0x00,0x00,0x00,0x00,0x
  00,0x00,0x00,0x00,0x00,0x00,0x00,0x00,0x00,0x00,0x00,0x00,0x00,0x00,0x00,0x00,0x00,0x00,0x00,0x0
  0,0x00,0x00,0x00,0x00,0x00,0x00,0x00,0x00,0x00,0x00,0x00,0x00,0x00,0x00,0x00,0x00,0x00,0x00,0x00
  ,0x00,0x00,0x00,0x00,0x00,0x00,0x00,0x00,0x00,0x00,0x00,0x00,0x00,0x00,0x00,0x00,0x00,0x00,0x00,
  0x00,0x00,0x00,0x00,0x00,0x00,0x00,0x00,0x00,0x00,0x00,0x00,0x00,0x00,0x00,0x00,0x00,0x00,0x00,0
  x00,0x00,0x00,0x00,0x00,0x00,0x00,0x00,0x00,0x00,0x00,0x00,0x00,0x00,0x00,0x00,0x00,0x00,0x00,0x
  00,0x00,0x00,0x00,0x00,0x00,0x00,0x00,0x00,0x00,0x00,0x00,0x00,0x00,0x00,0x00,0x00,0x00,0x00,0x0
  0,0x00,0x00,0x00,0x00,0x00,0x00,0x00,0x00,0x00,0x00,0x00,0x00,0x00,0x00,0x00,0x00,0x00,0x00,0x00
  ,0x00,0x00,0x00,0x00,0x00,0x00,0x00,0x00,0x00,0x00,0x00,0x00,0x00,0x00,0x00,0x00,0x00,0x00,0x00,
  0x00,0x00,0x00,0x00,0x00,0x00,0x00,0x00,0x00,0x00,0x00,0x00,0x00,0x00,0x00,0x00,0x00,0x00,0x00,0
  x00,0x00,0x00,0x00,0x00,0x00,0x00,0x00,0x00,0x00,0x00,0x00,0x00,0x00,0x00,0x00,0x00,0x00,0x00,0x
  00,0x00,0x00,0x00,0x00,0x00,0x00,0x00,0x00,0x00,0x00,0x00,0x00,0x00,0x00,0x00,0x00,0x00,0x00,0x0
  0,0x00,0x00,0x00,0x00,0x00,0x00,0x00,0x00,0x00,0x00,0x00,0x00,0x00,0x00,0x00,0x00,0x00,0x00,0x00
  ,0x00,0x00,0x00,0x00,0x00,0x00,0x00,0x00,0x00,0x00,0x00,0x00,0x00,0x00,0x00,0x00,0x00,0x00,0x00
};

const lv_img_dsc_t dso_star_double_48 = {
  .header.cf = LV_IMG_CF_ALPHA_4BIT,
  .header.always_zero = 0,
  .header.w = 48,
  .header.h = 48,
  .data_size = 1152,
  .data = dso_star_double_48_map,
};

static const uint8_t dso_star_multiple_48_map[] = {
  0x00,0x00,0x00,0x00,0x00,0x00,0x00,0x00,0x00,0x00,0x00,0x00,0x00,0x00,0x00,0x00,0x00,0x00,0x00,0
  x00,0x00,0x00,0x00,0x00,0x00,0x00,0x00,0x00,0x00,0x00,0x00,0x00,0x00,0x00,0x00,0x00,0x00,0x00,0x
  00,0x00,0x00,0x00,0x00,0x00,0x00,0x00,0x00,0x00,0x00,0x00,0x00,0x00,0x00,0x00,0x00,0x00,0x00,0x0
  0,0x00,0x00,0x00,0x00,0x00,0x00,0x00,0x00,0x00,0x00,0x00,0x00,0x00,0x00,0x00,0x00,0x00,0x00,0x00
  ,0x00,0x00,0x00,0x00,0x00,0x00,0x00,0x00,0x00,0x00,0x00,0x00,0x00,0x00,0x00,0x00,0x00,0x00,0x00,
  0x00,0x00,0x00,0x00,0x00,0x00,0x00,0x00,0x00,0x00,0x00,0x00,0x00,0x00,0x00,0x00,0x00,0x00,0x00,0
  x00,0x00,0x00,0x00,0x00,0x00,0x00,0x00,0x00,0x00,0x00,0x00,0x00,0x00,0x00,0x00,0x00,0x00,0x00,0x
  00,0x00,0x00,0x00,0x00,0x00,0x00,0x00,0x00,0x00,0x00,0x00,0x00,0x00,0x00,0x00,0x00,0x00,0x00,0x0
  0,0x00,0x00,0x00,0x00,0x00,0x00,0x00,0x00,0x00,0x00,0x00,0x00,0x00,0x00,0x00,0x00,0x00,0x00,0x00
  ,0x00,0x00,0x00,0x00,0x00,0x00,0x00,0x00,0x00,0x00,0x00,0x00,0x00,0x00,0x00,0x00,0x00,0x00,0x00,
  0x00,0x00,0x00,0x00,0x00,0x00,0x00,0x00,0x00,0x00,0x00,0x23,0x32,0x00,0x00,0x00,0x00,0x00,0x00,0
  x00,0x00,0x00,0x00,0x00,0x00,0x00,0x00,0x00,0x00,0x00,0x00,0x00,0x00,0x00,0x39,0xdf,0xfd,0x93,0x
  00,0x00,0x00,0x00,0x00,0x00,0x00,0x00,0x00,0x00,0x00,0x00,0x00,0x00,0x00,0x00,0x00,0x00,0x00,0x0
  4,0xdf,0xff,0xff,0xfd,0x40,0x00,0x00,0x00,0x00,0x00,0x00,0x00,0x00,0x00,0x00,0x00,0x00,0x00,0x00
  ,0x00,0x00,0x00,0x00,0x2d,0xff,0xff,0xff,0xff,0xd2,0x00,0x00,0x00,0x00,0x00,0x00,0x00,0x00,0x00,
  0x00,0x00,0x00,0x00,0x00,0x00,0x00,0x00,0x00,0x8f,0xff,0xff,0xff,0xff,0xf8,0x00,0x00,0x00,0x00,0
  x00,0x00,0x00,0x00,0x00,0x00,0x00,0x00,0x00,0x00,0x00,0x00,0x00,0x01,0xcf,0xff,0xff,0xff,0xff,0x
  fc,0x10,0x00,0x00,0x00,0x00,0x00,0x00,0x00,0x00,0x00,0x00,0x00,0x00,0x00,0x00,0x00,0x00,0x01,0xd
  f,0xff,0xff,0xff,0xff,0xfd,0x10,0x00,0x00,0x00,0x00,0x00,0x00,0x00,0x00,0x00,0x00,0x00,0x00,0x00
  ,0x00,0x00,0x00,0x01,0xdf,0xff,0xff,0xff,0xff,0xfd,0x10,0x00,0x00,0x00,0x00,0x00,0x00,0x00,0x00,
  0x00,0x00,0x00,0x00,0x00,0x00,0x00,0x00,0x00,0xbf,0xff,0xff,0xff,0xff,0xfb,0x00,0x00,0x00,0x00,0
  x00,0x00,0x00,0x00,0x00,0x00,0x00,0x00,0x00,0x00,0x00,0x00,0x00,0x00,0x5f,0xff,0xff,0xff,0xff,0x
  f5,0x00,0x00,0x00,0x00,0x00,0x00,0x00,0x00,0x00,0x00,0x00,0x00,0x00,0x00,0x00,0x00,0x00,0x00,0x1
  a,0xff,0xff,0xff,0xff,0xa1,0x00,0x00,0x00,0x00,0x00,0x00,0x00,0x00,0x00,0x00,0x00,0x00,0x00,0x00
  ,0x00,0x00,0x00,0x00,0x01,0x9f,0xff,0xff,0xf9,0x10,0x00,0x00,0x00,0x00,0x00,0x00,0x00,0x00,0x00,
  0x00,0x00,0x00,0x00,0x00,0x00,0x00,0x00,0x00,0x00,0x04,0x9b,0xb9,0x40,0x00,0x00,0x00,0x00,0x00,0
  x00,0x00,0x00,0x00,0x00,0x00,0x00,0x00,0x00,0x00,0x00,0x00,0x00,0x00,0x00,0x00,0x00,0x00,0x00,0x
  00,0x00,0x00,0x00,0x00,0x00,0x00,0x00,0x00,0x00,0x00,0x00,0x00,0x00,0x00,0x00,0x00,0x00,0x00,0x0
  0,0x00,0x00,0x00,0x00,0x00,0x00,0x00,0x00,0x00,0x00,0x00,0x00,0x00,0x00,0x00,0x00,0x00,0x00,0x00
  ,0x00,0x00,0x00,0x00,0x00,0x00,0x00,0x00,0x00,0x00,0x00,0x00,0x00,0x00,0x00,0x00,0x00,0x00,0x00,
  0x00,0x00,0x00,0x00,0x00,0x00,0x00,0x00,0x00,0x00,0x00,0x00,0x00,0x00,0x00,0x00,0x00,0x00,0x00,0
  x00,0x00,0x00,0x00,0x00,0x00,0x00,0x00,0x00,0x00,0x00,0x03,0x56,0x41,0x00,0x00,0x00,0x00,0x00,0x
  00,0x00,0x00,0x00,0x00,0x00,0x00,0x00,0x00,0x00,0x00,0x00,0x00,0x00,0x00,0x02,0x9e,0xff,0xfc,0x4
  0,0x00,0x00,0x00,0x00,0x00,0x39,0xbb,0x72,0x00,0x00,0x00,0x00,0x00,0x00,0x00,0x00,0x00,0x00,0x00
  ,0x1b,0xff,0xff,0xff,0xe4,0x00,0x00,0x00,0x00,0x06,0xef,0xff,0xfc,0x30,0x00,0x00,0x00,0x00,0x00,
  0x00,0x00,0x00,0x00,0x00,0x7f,0xff,0xff,0xff,0xfc,0x10,0x00,0x00,0x00,0x3e,0xff,0xff,0xff,0xb1,0
  x00,0x00,0x00,0x00,0x00,0x00,0x00,0x00,0x00,0x01,0xcf,0xff,0xff,0xff,0xff,0x40,0x00,0x00,0x00,0x
  9f,0xff,0xff,0xff,0xf4,0x00,0x00,0x00,0x00,0x00,0x00,0x00,0x00,0x00,0x01,0xdf,0xff,0xff,0xff,0xf
  f,0x60,0x00,0x00,0x00,0xbf,0xff,0xff,0xff,0xf6,0x00,0x00,0x00,0x00,0x00,0x00,0x00,0x00,0x00,0x01
  ,0xdf,0xff,0xff,0xff,0xff,0x50,0x00,0x00,0x00,0xbf,0xff,0xff,0xff,0xf5,0x00,0x00,0x00,0x00,0x00,
  0x00,0x00,0x00,0x00,0x00,0xaf,0xff,0xff,0xff,0xfe,0x30,0x00,0x00,0x00,0x7f,0xff,0xff,0xff,0xe2,0
  x00,0x00,0x00,0x00,0x00,0x00,0x00,0x00,0x00,0x00,0x4e,0xff,0xff,0xff,0xf9,0x00,0x00,0x00,0x00,0x
  2c,0xff,0xff,0xff,0x80,0x00,0x00,0x00,0x00,0x00,0x00,0x00,0x00,0x00,0x00,0x07,0xef,0xff,0xff,0xb
  2,0x00,0x00,0x00,0x00,0x03,0xbf,0xff,0xe8,0x10,0x00,0x00,0x00,0x00,0x00,0x00,0x00,0x00,0x00,0x00
  ,0x00,0x4a,0xdd,0xc7,0x10,0x00,0x00,0x00,0x00,0x00,0x14,0x65,0x20,0x00,0x00,0x00,0x00,0x00,0x00,
  0x00,0x00,0x00,0x00,0x00,0x00,0x00,0x11,0x10,0x00,0x00,0x00,0x00,0x00,0x00,0x00,0x00,0x00,0x00,0
  x00,0x00,0x00,0x00,0x00,0x00,0x00,0x00,0x00,0x00,0x00,0x00,0x00,0x00,0x00,0x00,0x00,0x00,0x00,0x
  00,0x00,0x00,0x00,0x00,0x00,0x00,0x00,0x00,0x00,0x00,0x00,0x00,0x00,0x00,0x00,0x00,0x00,0x00,0x0
  0,0x00,0x00,0x00,0x00,0x00,0x00,0x00,0x00,0x00,0x00,0x00,0x00,0x00,0x00,0x00,0x00,0x00,0x00,0x00
  ,0x00,0x00,0x00,0x00,0x00,0x00,0x00,0x00,0x00,0x00,0x00,0x00,0x00,0x00,0x00,0x00,0x00,0x00,0x00,
  0x00,0x00,0x00,0x00,0x00,0x00,0x00,0x00,0x00,0x00,0x00,0x00,0x00,0x00,0x00,0x00,0x00,0x00,0x00,0
  x00,0x00,0x00,0x00,0x00,0x00,0x00,0x00,0x00,0x00,0x00,0x00,0x00,0x00,0x00,0x00,0x00,0x00,0x00,0x
  00,0x00,0x00,0x00,0x00,0x00,0x00,0x00,0x00,0x00,0x00,0x00,0x00,0x00,0x00,0x00,0x00,0x00,0x00,0x0
  0,0x00,0x00,0x00,0x00,0x00,0x00,0x00,0x00,0x00,0x00,0x00,0x00,0x00,0x00,0x00,0x00,0x00,0x00,0x00
  ,0x00,0x00,0x00,0x00,0x00,0x00,0x00,0x00,0x00,0x00,0x00,0x00,0x00,0x00,0x00,0x00,0x00,0x00,0x00,
  0x00,0x00,0x00,0x00,0x00,0x00,0x00,0x00,0x00,0x00,0x00,0x00,0x00,0x00,0x00,0x00,0x00,0x00,0x00,0
  x00,0x00,0x00,0x00,0x00,0x00,0x00,0x00,0x00,0x00,0x00,0x00,0x00,0x00,0x00,0x00,0x00,0x00,0x00,0x
  00,0x00,0x00,0x00,0x00,0x00,0x00,0x00,0x00,0x00,0x00,0x00,0x00,0x00,0x00,0x00,0x00,0x00,0x00,0x0
  0,0x00,0x00,0x00,0x00,0x00,0x00,0x00,0x00,0x00,0x00,0x00,0x00,0x00,0x00,0x00,0x00,0x00,0x00,0x00
  ,0x00,0x00,0x00,0x00,0x00,0x00,0x00,0x00,0x00,0x00,0x00,0x00,0x00,0x00,0x00,0x00,0x00,0x00,0x00
};

const lv_img_dsc_t dso_star_multiple_48 = {
  .header.cf = LV_IMG_CF_ALPHA_4BIT,
  .header.always_zero = 0,
  .header.w = 48,
  .header.h = 48,
  .data_size = 1152,
  .data = dso_star_multiple_48_map,
};

static const uint8_t dso_star_variable_48_map[] = {
  0x00,0x00,0x00,0x00,0x00,0x00,0x00,0x00,0x00,0x00,0x00,0x00,0x00,0x00,0x00,0x00,0x00,0x00,0x00,0
  x00,0x00,0x00,0x00,0x00,0x00,0x00,0x00,0x00,0x00,0x00,0x00,0x00,0x00,0x00,0x00,0x00,0x00,0x00,0x
  00,0x00,0x00,0x00,0x00,0x00,0x00,0x00,0x00,0x00,0x00,0x00,0x00,0x00,0x00,0x00,0x00,0x00,0x00,0x0
  0,0x00,0x00,0x00,0x00,0x00,0x00,0x00,0x00,0x00,0x00,0x00,0x00,0x00,0x00,0x00,0x00,0x00,0x00,0x00
  ,0x00,0x00,0x00,0x00,0x00,0x00,0x00,0x00,0x00,0x00,0x00,0x00,0x00,0x00,0x00,0x00,0x00,0x00,0x00,
  0x00,0x00,0x00,0x00,0x00,0x00,0x00,0x00,0x00,0x00,0x00,0x00,0x00,0x00,0x00,0x00,0x00,0x00,0x00,0
  x00,0x00,0x00,0x00,0x00,0x00,0x00,0x00,0x00,0x00,0x00,0x00,0x00,0x00,0x00,0x00,0x00,0x00,0x00,0x
  00,0x00,0x00,0x00,0x00,0x00,0x00,0x00,0x00,0x00,0x00,0x00,0x00,0x00,0x00,0x00,0x00,0x00,0x00,0x0
  0,0x00,0x01,0x10,0x00,0x00,0x00,0x00,0x00,0x00,0x00,0x00,0x00,0x00,0x00,0x00,0x00,0x00,0x00,0x00
  ,0x00,0x00,0x00,0x00,0x12,0x45,0x66,0x66,0x54,0x21,0x00,0x00,0x00,0x00,0x00,0x00,0x00,0x00,0x00,
  0x00,0x00,0x00,0x00,0x00,0x00,0x00,0x00,0x24,0x79,0xab,0xcc,0xcc,0xba,0x97,0x42,0x00,0x00,0x00,0
  x00,0x00,0x00,0x00,0x00,0x00,0x00,0x00,0x00,0x00,0x00,0x00,0x14,0x7a,0xcd,0xdd,0xdd,0xdd,0xdd,0x
  dc,0xa7,0x41,0x00,0x00,0x00,0x00,0x00,0x00,0x00,0x00,0x00,0x00,0x00,0x00,0x00,0x02,0x6a,0xcd,0xd
  c,0xba,0xa9,0x9a,0xab,0xcd,0xdc,0xa6,0x20,0x00,0x00,0x00,0x00,0x00,0x00,0x00,0x00,0x00,0x00,0x00
  ,0x00,0x37,0xbd,0xdc,0xa7,0x54,0x32,0x23,0x45,0x7a,0xcd,0xdb,0x73,0x00,0x00,0x00,0x00,0x00,0x00,
  0x00,0x00,0x00,0x00,0x00,0x03,0x8c,0xdd,0xa7,0x41,0x00,0x00,0x00,0x00,0x14,0x7a,0xdd,0xc8,0x30,0
  x00,0x00,0x00,0x00,0x00,0x00,0x00,0x00,0x00,0x00,0x27,0xcd,0xc9,0x51,0x00,0x00,0x00,0x00,0x00,0x
  00,0x15,0x9c,0xdc,0x72,0x00,0x00,0x00,0x00,0x00,0x00,0x00,0x00,0x00,0x01,0x6b,0xdc,0x96,0x10,0x0
  0,0x00,0x00,0x00,0x00,0x00,0x01,0x69,0xcd,0xb6,0x10,0x00,0x00,0x00,0x00,0x00,0x00,0x00,0x00,0x04
  ,0xad,0xd9,0x6b,0x50,0x00,0x00,0x00,0x00,0x00,0x00,0x05,0xb6,0x9d,0xda,0x40,0x00,0x00,0x00,0x00,
  0x00,0x00,0x00,0x00,0x27,0xcd,0xa5,0x15,0xb5,0x00,0x00,0x00,0x00,0x00,0x00,0x5b,0x51,0x5a,0xdc,0
  x72,0x00,0x00,0x00,0x00,0x00,0x00,0x00,0x00,0x4a,0xdc,0x71,0x00,0x5a,0x20,0x00,0x00,0x00,0x00,0x
  02,0xa5,0x00,0x17,0xcd,0xa4,0x00,0x00,0x00,0x00,0x00,0x00,0x00,0x01,0x7c,0xda,0x40,0x00,0x02,0x0
  0,0x02,0x69,0x96,0x20,0x00,0x20,0x00,0x04,0xad,0xc7,0x10,0x00,0x00,0x00,0x00,0x00,0x00,0x02,0x9d
  ,0xc7,0x10,0x00,0x00,0x00,0x6d,0xff,0xff,0xd6,0x00,0x00,0x00,0x01,0x7c,0xd9,0x20,0x00,0x00,0x00,
  0x00,0x00,0x00,0x04,0xad,0xb5,0x00,0x00,0x00,0x06,0xef,0xff,0xff,0xfe,0x60,0x00,0x00,0x00,0x5b,0
  xda,0x40,0x00,0x00,0x00,0x00,0x00,0x00,0x05,0xbd,0xa4,0x00,0x00,0x00,0x2d,0xff,0xff,0xff,0xff,0x
  d2,0x00,0x00,0x00,0x4a,0xdb,0x50,0x00,0x00,0x00,0x00,0x00,0x00,0x06,0xcd,0xa3,0x00,0x00,0x00,0x6
  f,0xff,0xff,0xff,0xff,0xf6,0x00,0x00,0x00,0x3a,0xdc,0x60,0x00,0x00,0x00,0x00,0x00,0x00,0x16,0xcd
  ,0x92,0x00,0x00,0x00,0x9f,0xff,0xff,0xff,0xff,0xf9,0x00,0x00,0x00,0x29,0xdc,0x61,0x00,0x00,0x00,
  0x00,0x00,0x00,0x16,0xcd,0x92,0x00,0x00,0x00,0x9f,0xff,0xff,0xff,0xff,0xf9,0x00,0x00,0x00,0x29,0
  xdc,0x61,0x00,0x00,0x00,0x00,0x00,0x00,0x06,0xcd,0xa3,0x00,0x00,0x00,0x6f,0xff,0xff,0xff,0xff,0x
  f6,0x00,0x00,0x00,0x3a,0xdc,0x60,0x00,0x00,0x00,0x00,0x00,0x00,0x05,0xbd,0xa4,0x00,0x00,0x00,0x2
  d,0xff,0xff,0xff,0xff,0xd2,0x00,0x00,0x00,0x4a,0xdb,0x50,0x00,0x00,0x00,0x00,0x00,0x00,0x04,0xad
  ,0xb5,0x00,0x00,0x00,0x06,0xef,0xff,0xff,0xfe,0x60,0x00,0x00,0x00,0x5b,0xda,0x40,0x00,0x00,0x00,
  0x00,0x00,0x00,0x02,0x9d,0xc7,0x10,0x00,0x00,0x00,0x6d,0xff,0xff,0xd6,0x00,0x00,0x00,0x01,0x7c,0
  xd9,0x20,0x00,0x00,0x00,0x00,0x00,0x00,0x01,0x7c,0xda,0x40,0x00,0x02,0x00,0x02,0x69,0x96,0x20,0x
  00,0x20,0x00,0x04,0xad,0xc7,0x10,0x00,0x00,0x00,0x00,0x00,0x00,0x00,0x4a,0xdc,0x71,0x00,0x5a,0x2
  0,0x00,0x00,0x00,0x00,0x02,0xa5,0x00,0x17,0xcd,0xa4,0x00,0x00,0x00,0x00,0x00,0x00,0x00,0x00,0x27
  ,0xcd,0xa5,0x15,0xb5,0x00,0x00,0x00,0x00,0x00,0x00,0x5b,0x51,0x5a,0xdc,0x72,0x00,0x00,0x00,0x00,
  0x00,0x00,0x00,0x00,0x04,0xad,0xd9,0x6b,0x50,0x00,0x00,0x00,0x00,0x00,0x00,0x05,0xb6,0x9d,0xda,0
  x40,0x00,0x00,0x00,0x00,0x00,0x00,0x00,0x00,0x01,0x6b,0xdc,0x96,0x10,0x00,0x00,0x00,0x00,0x00,0x
  00,0x01,0x69,0xcd,0xb6,0x10,0x00,0x00,0x00,0x00,0x00,0x00,0x00,0x00,0x00,0x27,0xcd,0xc9,0x51,0x0
  0,0x00,0x00,0x00,0x00,0x00,0x15,0x9c,0xdc,0x72,0x00,0x00,0x00,0x00,0x00,0x00,0x00,0x00,0x00,0x00
  ,0x03,0x8c,0xdd,0xa7,0x41,0x00,0x00,0x00,0x00,0x14,0x7a,0xdd,0xc8,0x30,0x00,0x00,0x00,0x00,0x00,
  0x00,0x00,0x00,0x00,0x00,0x00,0x37,0xbd,0xdc,0xa7,0x54,0x32,0x23,0x45,0x7a,0xcd,0xdb,0x73,0x00,0
  x00,0x00,0x00,0x00,0x00,0x00,0x00,0x00,0x00,0x00,0x00,0x02,0x6a,0xcd,0xdc,0xba,0xa9,0x9a,0xab,0x
  cd,0xdc,0xa6,0x20,0x00,0x00,0x00,0x00,0x00,0x00,0x00,0x00,0x00,0x00,0x00,0x00,0x00,0x14,0x7a,0xc
  d,0xdd,0xdd,0xdd,0xdd,0xdc,0xa7,0x41,0x00,0x00,0x00,0x00,0x00,0x00,0x00,0x00,0x00,0x00,0x00,0x00
  ,0x00,0x00,0x00,0x24,0x79,0xab,0xcc,0xcc,0xba,0x97,0x42,0x00,0x00,0x00,0x00,0x00,0x00,0x00,0x00,
  0x00,0x00,0x00,0x00,0x00,0x00,0x00,0x00,0x00,0x12,0x45,0x66,0x66,0x54,0x21,0x00,0x00,0x00,0x00,0
  x00,0x00,0x00,0x00,0x00,0x00,0x00,0x00,0x00,0x00,0x00,0x00,0x00,0x00,0x00,0x00,0x01,0x10,0x00,0x
  00,0x00,0x00,0x00,0x00,0x00,0x00,0x00,0x00,0x00,0x00,0x00,0x00,0x00,0x00,0x00,0x00,0x00,0x00,0x0
  0,0x00,0x00,0x00,0x00,0x00,0x00,0x00,0x00,0x00,0x00,0x00,0x00,0x00,0x00,0x00,0x00,0x00,0x00,0x00
  ,0x00,0x00,0x00,0x00,0x00,0x00,0x00,0x00,0x00,0x00,0x00,0x00,0x00,0x00,0x00,0x00,0x00,0x00,0x00,
  0x00,0x00,0x00,0x00,0x00,0x00,0x00,0x00,0x00,0x00,0x00,0x00,0x00,0x00,0x00,0x00,0x00,0x00,0x00,0
  x00,0x00,0x00,0x00,0x00,0x00,0x00,0x00,0x00,0x00,0x00,0x00,0x00,0x00,0x00,0x00,0x00,0x00,0x00,0x
  00,0x00,0x00,0x00,0x00,0x00,0x00,0x00,0x00,0x00,0x00,0x00,0x00,0x00,0x00,0x00,0x00,0x00,0x00,0x0
  0,0x00,0x00,0x00,0x00,0x00,0x00,0x00,0x00,0x00,0x00,0x00,0x00,0x00,0x00,0x00,0x00,0x00,0x00,0x00
  ,0x00,0x00,0x00,0x00,0x00,0x00,0x00,0x00,0x00,0x00,0x00,0x00,0x00,0x00,0x00,0x00,0x00,0x00,0x00
};

const lv_img_dsc_t dso_star_variable_48 = {
  .header.cf = LV_IMG_CF_ALPHA_4BIT,
  .header.always_zero = 0,
  .header.w = 48,
  .header.h = 48,
  .data_size = 1152,
  .data = dso_star_variable_48_map,
};

static const uint8_t dso_quasar_48_map[] = {
  0x00,0x00,0x00,0x00,0x00,0x00,0x00,0x00,0x00,0x00,0x00,0x00,0x00,0x00,0x00,0x00,0x00,0x00,0x00,0
  x00,0x00,0x00,0x00,0x00,0x00,0x00,0x00,0x00,0x00,0x00,0x00,0x00,0x00,0x00,0x00,0x00,0x00,0x00,0x
  00,0x00,0x00,0x00,0x00,0x00,0x00,0x00,0x00,0x00,0x00,0x00,0x00,0x00,0x00,0x00,0x00,0x00,0x00,0x0
  0,0x00,0x00,0x00,0x00,0x00,0x00,0x00,0x00,0x00,0x00,0x00,0x00,0x00,0x00,0x00,0x00,0x00,0x00,0x00
  ,0x00,0x00,0x00,0x00,0x00,0x00,0x00,0x00,0x00,0x00,0x00,0x00,0x00,0x00,0x00,0x00,0x00,0x00,0x00,
  0x00,0x00,0x00,0x00,0x00,0x00,0x00,0x00,0x00,0x00,0x00,0x00,0x00,0x00,0x00,0x00,0x00,0x00,0x00,0
  x00,0x00,0x00,0x00,0x00,0x00,0x00,0x00,0x00,0x00,0x00,0x00,0x00,0x00,0x00,0x00,0x00,0x00,0x00,0x
  00,0x00,0x00,0x00,0x00,0x00,0x00,0x00,0x00,0x00,0x00,0x00,0x00,0x00,0x10,0x00,0x00,0x00,0x00,0x0
  0,0x00,0x00,0x00,0x00,0x00,0x00,0x00,0x00,0x00,0x01,0x00,0x00,0x00,0x00,0x00,0x00,0x00,0x07,0xd6
  ,0x00,0x00,0x00,0x00,0x00,0x00,0x00,0x00,0x00,0x00,0x00,0x00,0x00,0x00,0x6d,0x70,0x00,0x00,0x00,
  0x00,0x00,0x00,0x1d,0xff,0x60,0x00,0x00,0x00,0x00,0x00,0x00,0x00,0x00,0x00,0x00,0x00,0x00,0x06,0
  xff,0xd1,0x00,0x00,0x00,0x00,0x00,0x00,0x06,0xff,0xf6,0x00,0x00,0x00,0x00,0x00,0x00,0x00,0x00,0x
  00,0x00,0x00,0x00,0x6f,0xff,0x60,0x00,0x00,0x00,0x00,0x00,0x00,0x00,0x6f,0xff,0x60,0x00,0x00,0x0
  0,0x00,0x00,0x00,0x00,0x00,0x00,0x00,0x06,0xff,0xf6,0x00,0x00,0x00,0x00,0x00,0x00,0x00,0x00,0x06
  ,0xff,0xf6,0x00,0x00,0x00,0x00,0x00,0x00,0x00,0x00,0x00,0x00,0x6f,0xff,0x60,0x00,0x00,0x00,0x00,
  0x00,0x00,0x00,0x00,0x00,0x6f,0xff,0x60,0x00,0x00,0x00,0x00,0x00,0x00,0x00,0x00,0x06,0xff,0xf6,0
  x00,0x00,0x00,0x00,0x00,0x00,0x00,0x00,0x00,0x00,0x06,0xff,0xf6,0x00,0x00,0x00,0x00,0x00,0x00,0x
  00,0x00,0x6f,0xff,0x60,0x00,0x00,0x00,0x00,0x00,0x00,0x00,0x00,0x00,0x00,0x00,0x6f,0xff,0x60,0x0
  0,0x00,0x00,0x00,0x00,0x00,0x06,0xff,0xf6,0x00,0x00,0x00,0x00,0x00,0x00,0x00,0x00,0x00,0x00,0x00
  ,0x00,0x06,0xff,0xf6,0x00,0x00,0x00,0x00,0x00,0x00,0x6f,0xff,0x60,0x00,0x00,0x00,0x00,0x00,0x00,
  0x00,0x00,0x00,0x00,0x00,0x00,0x00,0x6f,0xff,0x60,0x00,0x00,0x00,0x00,0x06,0xff,0xf6,0x00,0x00,0
  x00,0x00,0x00,0x00,0x00,0x00,0x00,0x00,0x00,0x00,0x00,0x00,0x06,0xff,0xf6,0x00,0x00,0x00,0x00,0x
  6f,0xff,0x60,0x00,0x00,0x00,0x00,0x00,0x00,0x00,0x00,0x00,0x00,0x00,0x00,0x00,0x00,0x00,0x6f,0xf
  f,0x60,0x13,0x31,0x06,0xff,0xf6,0x00,0x00,0x00,0x00,0x00,0x00,0x00,0x00,0x00,0x00,0x00,0x00,0x00
  ,0x00,0x00,0x00,0x06,0xff,0xfa,0xde,0xed,0xaf,0xff,0x60,0x00,0x00,0x00,0x00,0x00,0x00,0x00,0x00,
  0x00,0x00,0x00,0x00,0x00,0x00,0x00,0x00,0x00,0x6f,0xff,0xff,0xff,0xff,0xf6,0x00,0x00,0x00,0x00,0
  x00,0x00,0x00,0x00,0x00,0x00,0x00,0x00,0x00,0x00,0x00,0x00,0x00,0x00,0x0a,0xff,0xff,0xff,0xff,0x
  a0,0x00,0x00,0x00,0x00,0x00,0x00,0x00,0x00,0x00,0x00,0x00,0x00,0x00,0x00,0x00,0x00,0x00,0x00,0x1
  d,0xff,0xff,0xff,0xff,0xd1,0x00,0x00,0x00,0x00,0x00,0x00,0x00,0x00,0x00,0x00,0x00,0x00,0x00,0x00
  ,0x00,0x00,0x00,0x00,0x3e,0xff,0xff,0xff,0xff,0xe3,0x00,0x00,0x00,0x00,0x00,0x00,0x00,0x00,0x00,
  0x00,0x00,0x00,0x00,0x00,0x00,0x00,0x00,0x00,0x3e,0xff,0xff,0xff,0xff,0xe3,0x00,0x00,0x00,0x00,0
  x00,0x00,0x00,0x00,0x00,0x00,0x00,0x00,0x00,0x00,0x00,0x00,0x00,0x00,0x1d,0xff,0xff,0xff,0xff,0x
  d1,0x00,0x00,0x00,0x00,0x00,0x00,0x00,0x00,0x00,0x00,0x00,0x00,0x00,0x00,0x00,0x00,0x00,0x00,0x0
  a,0xff,0xff,0xff,0xff,0xa0,0x00,0x00,0x00,0x00,0x00,0x00,0x00,0x00,0x00,0x00,0x00,0x00,0x00,0x00
  ,0x00,0x00,0x00,0x00,0x6f,0xff,0xff,0xff,0xff,0xf6,0x00,0x00,0x00,0x00,0x00,0x00,0x00,0x00,0x00,
  0x00,0x00,0x00,0x00,0x00,0x00,0x00,0x00,0x06,0xff,0xfa,0xde,0xed,0xaf,0xff,0x60,0x00,0x00,0x00,0
  x00,0x00,0x00,0x00,0x00,0x00,0x00,0x00,0x00,0x00,0x00,0x00,0x00,0x6f,0xff,0x60,0x13,0x31,0x06,0x
  ff,0xf6,0x00,0x00,0x00,0x00,0x00,0x00,0x00,0x00,0x00,0x00,0x00,0x00,0x00,0x00,0x00,0x06,0xff,0xf
  6,0x00,0x00,0x00,0x00,0x6f,0xff,0x60,0x00,0x00,0x00,0x00,0x00,0x00,0x00,0x00,0x00,0x00,0x00,0x00
  ,0x00,0x00,0x6f,0xff,0x60,0x00,0x00,0x00,0x00,0x06,0xff,0xf6,0x00,0x00,0x00,0x00,0x00,0x00,0x00,
  0x00,0x00,0x00,0x00,0x00,0x00,0x06,0xff,0xf6,0x00,0x00,0x00,0x00,0x00,0x00,0x6f,0xff,0x60,0x00,0
  x00,0x00,0x00,0x00,0x00,0x00,0x00,0x00,0x00,0x00,0x00,0x6f,0xff,0x60,0x00,0x00,0x00,0x00,0x00,0x
  00,0x06,0xff,0xf6,0x00,0x00,0x00,0x00,0x00,0x00,0x00,0x00,0x00,0x00,0x00,0x06,0xff,0xf6,0x00,0x0
  0,0x00,0x00,0x00,0x00,0x00,0x00,0x6f,0xff,0x60,0x00,0x00,0x00,0x00,0x00,0x00,0x00,0x00,0x00,0x00
  ,0x6f,0xff,0x60,0x00,0x00,0x00,0x00,0x00,0x00,0x00,0x00,0x06,0xff,0xf6,0x00,0x00,0x00,0x00,0x00,
  0x00,0x00,0x00,0x00,0x06,0xff,0xf6,0x00,0x00,0x00,0x00,0x00,0x00,0x00,0x00,0x00,0x00,0x6f,0xff,0
  x60,0x00,0x00,0x00,0x00,0x00,0x00,0x00,0x00,0x6f,0xff,0x60,0x00,0x00,0x00,0x00,0x00,0x00,0x00,0x
  00,0x00,0x00,0x06,0xff,0xf6,0x00,0x00,0x00,0x00,0x00,0x00,0x00,0x06,0xff,0xf6,0x00,0x00,0x00,0x0
  0,0x00,0x00,0x00,0x00,0x00,0x00,0x00,0x00,0x6f,0xff,0x60,0x00,0x00,0x00,0x00,0x00,0x00,0x1d,0xff
  ,0x60,0x00,0x00,0x00,0x00,0x00,0x00,0x00,0x00,0x00,0x00,0x00,0x00,0x06,0xff,0xd1,0x00,0x00,0x00,
  0x00,0x00,0x00,0x07,0xd6,0x00,0x00,0x00,0x00,0x00,0x00,0x00,0x00,0x00,0x00,0x00,0x00,0x00,0x00,0
  x6d,0x70,0x00,0x00,0x00,0x00,0x00,0x00,0x00,0x10,0x00,0x00,0x00,0x00,0x00,0x00,0x00,0x00,0x00,0x
  00,0x00,0x00,0x00,0x00,0x01,0x00,0x00,0x00,0x00,0x00,0x00,0x00,0x00,0x00,0x00,0x00,0x00,0x00,0x0
  0,0x00,0x00,0x00,0x00,0x00,0x00,0x00,0x00,0x00,0x00,0x00,0x00,0x00,0x00,0x00,0x00,0x00,0x00,0x00
  ,0x00,0x00,0x00,0x00,0x00,0x00,0x00,0x00,0x00,0x00,0x00,0x00,0x00,0x00,0x00,0x00,0x00,0x00,0x00,
  0x00,0x00,0x00,0x00,0x00,0x00,0x00,0x00,0x00,0x00,0x00,0x00,0x00,0x00,0x00,0x00,0x00,0x00,0x00,0
  x00,0x00,0x00,0x00,0x00,0x00,0x00,0x00,0x00,0x00,0x00,0x00,0x00,0x00,0x00,0x00,0x00,0x00,0x00,0x
  00,0x00,0x00,0x00,0x00,0x00,0x00,0x00,0x00,0x00,0x00,0x00,0x00,0x00,0x00,0x00,0x00,0x00,0x00,0x0
  0,0x00,0x00,0x00,0x00,0x00,0x00,0x00,0x00,0x00,0x00,0x00,0x00,0x00,0x00,0x00,0x00,0x00,0x00,0x00
  ,0x00,0x00,0x00,0x00,0x00,0x00,0x00,0x00,0x00,0x00,0x00,0x00,0x00,0x00,0x00,0x00,0x00,0x00,0x00
};

const lv_img_dsc_t dso_quasar_48 = {
  .header.cf = LV_IMG_CF_ALPHA_4BIT,
  .header.always_zero = 0,
  .header.w = 48,
  .header.h = 48,
  .data_size = 1152,
  .data = dso_quasar_48_map,
};

static const uint8_t dso_unknown_48_map[] = {
  0x00,0x00,0x00,0x00,0x00,0x00,0x00,0x00,0x00,0x00,0x00,0x00,0x00,0x00,0x00,0x00,0x00,0x00,0x00,0
  x00,0x00,0x00,0x00,0x00,0x00,0x00,0x00,0x00,0x00,0x00,0x00,0x00,0x00,0x00,0x00,0x00,0x00,0x00,0x
  00,0x00,0x00,0x00,0x00,0x00,0x00,0x00,0x00,0x00,0x00,0x00,0x00,0x00,0x00,0x00,0x00,0x00,0x00,0x0
  0,0x00,0x00,0x00,0x00,0x00,0x00,0x00,0x00,0x00,0x00,0x00,0x00,0x00,0x00,0x00,0x00,0x00,0x00,0x00
  ,0x00,0x00,0x00,0x00,0x00,0x00,0x00,0x00,0x00,0x00,0x00,0x00,0x00,0x00,0x00,0x00,0x00,0x00,0x00,
  0x00,0x00,0x00,0x00,0x00,0x00,0x00,0x00,0x00,0x00,0x00,0x00,0x00,0x00,0x00,0x00,0x00,0x00,0x00,0
  x00,0x00,0x00,0x00,0x00,0x00,0x00,0x00,0x00,0x00,0x00,0x00,0x00,0x00,0x00,0x00,0x01,0x10,0x00,0x
  00,0x00,0x00,0x00,0x00,0x00,0x00,0x00,0x00,0x00,0x00,0x00,0x00,0x00,0x00,0x00,0x00,0x00,0x00,0x1
  2,0x45,0x56,0x65,0x54,0x21,0x00,0x00,0x00,0x00,0x00,0x00,0x00,0x00,0x00,0x00,0x00,0x00,0x00,0x00
  ,0x00,0x00,0x00,0x24,0x78,0xab,0xcc,0xcc,0xba,0x87,0x42,0x00,0x00,0x00,0x00,0x00,0x00,0x00,0x00,
  0x00,0x00,0x00,0x00,0x00,0x00,0x00,0x25,0x8a,0xde,0xff,0xff,0xff,0xff,0xed,0xa8,0x52,0x00,0x00,0
  x00,0x00,0x00,0x00,0x00,0x00,0x00,0x00,0x00,0x00,0x00,0x03,0x7a,0xdf,0xff,0xff,0xff,0xff,0xff,0x
  ff,0xfd,0xa7,0x30,0x00,0x00,0x00,0x00,0x00,0x00,0x00,0x00,0x00,0x00,0x00,0x01,0x48,0xcf,0xff,0xf
  e,0xdb,0xaa,0xaa,0xbd,0xef,0xff,0xfc,0x84,0x10,0x00,0x00,0x00,0x00,0x00,0x00,0x00,0x00,0x00,0x00
  ,0x15,0x9d,0xff,0xfd,0xb8,0x65,0x43,0x34,0x56,0x8b,0xdf,0xff,0xd9,0x51,0x00,0x00,0x00,0x00,0x00,
  0x00,0x00,0x00,0x00,0x00,0x49,0xef,0xfe,0xb8,0x52,0x10,0x00,0x00,0x01,0x25,0x8b,0xef,0xfe,0x94,0
  x00,0x00,0x00,0x00,0x00,0x00,0x00,0x00,0x00,0x03,0x8d,0xff,0xea,0x62,0x00,0x00,0x00,0x00,0x00,0x
  00,0x26,0xae,0xff,0xd8,0x30,0x00,0x00,0x00,0x00,0x00,0x00,0x00,0x00,0x27,0xcf,0xfe,0x95,0x10,0x0
  0,0x00,0x00,0x00,0x00,0x00,0x01,0x59,0xef,0xfc,0x72,0x00,0x00,0x00,0x00,0x00,0x00,0x00,0x00,0x5a
  ,0xff,0xea,0x51,0x00,0x00,0x00,0x00,0x00,0x00,0x00,0x00,0x15,0xae,0xff,0xa5,0x00,0x00,0x00,0x00,
  0x00,0x00,0x00,0x02,0x8d,0xff,0xb6,0x10,0x00,0x00,0x00,0x00,0x00,0x00,0x00,0x00,0x01,0x6b,0xff,0
  xd8,0x20,0x00,0x00,0x00,0x00,0x00,0x00,0x04,0xaf,0xfd,0x82,0x00,0x00,0x00,0x00,0x00,0x00,0x00,0x
  00,0x00,0x00,0x28,0xdf,0xfa,0x40,0x00,0x00,0x00,0x00,0x00,0x00,0x17,0xdf,0xfb,0x50,0x00,0x00,0x0
  0,0x00,0x00,0x00,0x00,0x00,0x00,0x00,0x05,0xbf,0xfd,0x71,0x00,0x00,0x00,0x00,0x00,0x00,0x28,0xef
  ,0xe8,0x20,0x00,0x00,0x00,0x00,0x00,0x00,0x00,0x00,0x00,0x00,0x02,0x8e,0xfe,0x82,0x00,0x00,0x00,
  0x00,0x00,0x00,0x4a,0xff,0xd6,0x10,0x00,0x00,0x00,0x00,0x00,0x00,0x00,0x00,0x00,0x00,0x01,0x6d,0
  xff,0xa4,0x00,0x00,0x00,0x00,0x00,0x00,0x5b,0xff,0xb5,0x00,0x00,0x00,0x00,0x00,0x38,0x83,0x00,0x
  00,0x00,0x00,0x00,0x5b,0xff,0xb5,0x00,0x00,0x00,0x00,0x00,0x00,0x5c,0xff,0xa4,0x00,0x00,0x00,0x0
  0,0x03,0xdf,0xfd,0x30,0x00,0x00,0x00,0x00,0x4a,0xff,0xc5,0x00,0x00,0x00,0x00,0x00,0x01,0x6c,0xff
  ,0xa3,0x00,0x00,0x00,0x00,0x08,0xff,0xff,0x80,0x00,0x00,0x00,0x00,0x3a,0xff,0xc6,0x10,0x00,0x00,
  0x00,0x00,0x01,0x6c,0xff,0xa3,0x00,0x00,0x00,0x00,0x08,0xff,0xff,0x80,0x00,0x00,0x00,0x00,0x3a,0
  xff,0xc6,0x10,0x00,0x00,0x00,0x00,0x00,0x5c,0xff,0xa4,0x00,0x00,0x00,0x00,0x03,0xdf,0xfd,0x30,0x
  00,0x00,0x00,0x00,0x4a,0xff,0xc5,0x00,0x00,0x00,0x00,0x00,0x00,0x5b,0xff,0xb5,0x00,0x00,0x00,0x0
  0,0x00,0x38,0x83,0x00,0x00,0x00,0x00,0x00,0x5b,0xff,0xb5,0x00,0x00,0x00,0x00,0x00,0x00,0x4a,0xff
  ,0xd6,0x10,0x00,0x00,0x00,0x00,0x00,0x00,0x00,0x00,0x00,0x00,0x01,0x6d,0xff,0xa4,0x00,0x00,0x00,
  0x00,0x00,0x00,0x28,0xef,0xe8,0x20,0x00,0x00,0x00,0x00,0x00,0x00,0x00,0x00,0x00,0x00,0x02,0x8e,0
  xfe,0x82,0x00,0x00,0x00,0x00,0x00,0x00,0x17,0xdf,0xfb,0x50,0x00,0x00,0x00,0x00,0x00,0x00,0x00,0x
  00,0x00,0x00,0x05,0xbf,0xfd,0x71,0x00,0x00,0x00,0x00,0x00,0x00,0x04,0xaf,0xfd,0x82,0x00,0x00,0x0
  0,0x00,0x00,0x00,0x00,0x00,0x00,0x00,0x28,0xdf,0xfa,0x40,0x00,0x00,0x00,0x00,0x00,0x00,0x02,0x8d
  ,0xff,0xb6,0x10,0x00,0x00,0x00,0x00,0x00,0x00,0x00,0x00,0x01,0x6b,0xff,0xd8,0x20,0x00,0x00,0x00,
  0x00,0x00,0x00,0x00,0x5a,0xff,0xea,0x51,0x00,0x00,0x00,0x00,0x00,0x00,0x00,0x00,0x15,0xae,0xff,0
  xa5,0x00,0x00,0x00,0x00,0x00,0x00,0x00,0x00,0x27,0xcf,0xfe,0x95,0x10,0x00,0x00,0x00,0x00,0x00,0x
  00,0x01,0x59,0xef,0xfc,0x72,0x00,0x00,0x00,0x00,0x00,0x00,0x00,0x00,0x03,0x8d,0xff,0xea,0x62,0x0
  0,0x00,0x00,0x00,0x00,0x00,0x26,0xae,0xff,0xd8,0x30,0x00,0x00,0x00,0x00,0x00,0x00,0x00,0x00,0x00
  ,0x49,0xef,0xfe,0xb8,0x52,0x10,0x00,0x00,0x01,0x25,0x8b,0xef,0xfe,0x94,0x00,0x00,0x00,0x00,0x00,
  0x00,0x00,0x00,0x00,0x00,0x15,0x9d,0xff,0xfd,0xb8,0x65,0x43,0x34,0x56,0x8b,0xdf,0xff,0xd9,0x51,0
  x00,0x00,0x00,0x00,0x00,0x00,0x00,0x00,0x00,0x00,0x01,0x48,0xcf,0xff,0xfe,0xdb,0xaa,0xaa,0xbd,0x
  ef,0xff,0xfc,0x84,0x10,0x00,0x00,0x00,0x00,0x00,0x00,0x00,0x00,0x00,0x00,0x00,0x03,0x7a,0xdf,0xf
  f,0xff,0xff,0xff,0xff,0xff,0xfd,0xa7,0x30,0x00,0x00,0x00,0x00,0x00,0x00,0x00,0x00,0x00,0x00,0x00
  ,0x00,0x00,0x25,0x8a,0xde,0xff,0xff,0xff,0xff,0xed,0xa8,0x52,0x00,0x00,0x00,0x00,0x00,0x00,0x00,
  0x00,0x00,0x00,0x00,0x00,0x00,0x00,0x00,0x24,0x78,0xab,0xcc,0xcc,0xba,0x87,0x42,0x00,0x00,0x00,0
  x00,0x00,0x00,0x00,0x00,0x00,0x00,0x00,0x00,0x00,0x00,0x00,0x00,0x00,0x12,0x45,0x56,0x65,0x54,0x
  21,0x00,0x00,0x00,0x00,0x00,0x00,0x00,0x00,0x00,0x00,0x00,0x00,0x00,0x00,0x00,0x00,0x00,0x00,0x0
  0,0x00,0x01,0x10,0x00,0x00,0x00,0x00,0x00,0x00,0x00,0x00,0x00,0x00,0x00,0x00,0x00,0x00,0x00,0x00
  ,0x00,0x00,0x00,0x00,0x00,0x00,0x00,0x00,0x00,0x00,0x00,0x00,0x00,0x00,0x00,0x00,0x00,0x00,0x00,
  0x00,0x00,0x00,0x00,0x00,0x00,0x00,0x00,0x00,0x00,0x00,0x00,0x00,0x00,0x00,0x00,0x00,0x00,0x00,0
  x00,0x00,0x00,0x00,0x00,0x00,0x00,0x00,0x00,0x00,0x00,0x00,0x00,0x00,0x00,0x00,0x00,0x00,0x00,0x
  00,0x00,0x00,0x00,0x00,0x00,0x00,0x00,0x00,0x00,0x00,0x00,0x00,0x00,0x00,0x00,0x00,0x00,0x00,0x0
  0,0x00,0x00,0x00,0x00,0x00,0x00,0x00,0x00,0x00,0x00,0x00,0x00,0x00,0x00,0x00,0x00,0x00,0x00,0x00
  ,0x00,0x00,0x00,0x00,0x00,0x00,0x00,0x00,0x00,0x00,0x00,0x00,0x00,0x00,0x00,0x00,0x00,0x00,0x00
};

const lv_img_dsc_t dso_unknown_48 = {
  .header.cf = LV_IMG_CF_ALPHA_4BIT,
  .header.always_zero = 0,
  .header.w = 48,
  .header.h = 48,
  .data_size = 1152,
  .data = dso_unknown_48_map,
};


const lv_img_dsc_t* const dso_table_48[23] = {
  &dso_gal_spiral_48,
  &dso_gal_barred_48,
  &dso_gal_elliptical_48,
  &dso_gal_lenticular_48,
  &dso_gal_irregular_48,
  &dso_gal_interacting_48,
  &dso_gal_cluster_48,
  &dso_neb_emission_48,
  &dso_neb_reflection_48,
  &dso_neb_dark_48,
  &dso_neb_planetary_48,
  &dso_neb_supernova_48,
  &dso_neb_hii_48,
  &dso_neb_bright_48,
  &dso_cl_open_48,
  &dso_cl_globular_48,
  &dso_cl_open_neb_48,
  &dso_asterism_48,
  &dso_star_double_48,
  &dso_star_multiple_48,
  &dso_star_variable_48,
  &dso_quasar_48,
  &dso_unknown_48,
};
